{
  "groups": [],
  "title": "Contact Us",
  "type": "layout",
  "data": [
    {
      "visibility": {
        "lg": true,
        "md": true,
        "sm": true,
        "xs": true
      },
      "form": {
        "general": {
          "container": false,
          "bg_image": "",
          "image_repeat": "no-repeat",
          "image_position": "initial",
          "image_size": "initial",
          "bg_color": "",
          "bg_parallax": false,
          "padding": {
            "top": "",
            "left": "0px",
            "bottom": "",
            "right": "0px"
          }
        },
        "advanced": {
          "label": "Section",
          "id": "qx-section-301",
          "class": ""
        }
      },
      "slug": "section",
      "children": [
        {
          "visibility": {
            "lg": true,
            "md": true,
            "sm": true,
            "xs": true
          },
          "form": {
            "general": {
              "container": false,
              "bg_image": "",
              "equal_column": false,
              "image_size": "initial",
              "bg_color": "",
              "image_position": "initial",
              "margin": {
                "top": "",
                "left": "0px",
                "bottom": "",
                "right": "0px"
              },
              "padding": {
                "top": "",
                "left": "0px",
                "bottom": "",
                "right": "0px"
              },
              "bg_parallax": false,
              "image_repeat": "no-repeat"
            },
            "advanced": {
              "label": "Row",
              "id": "qx-row-822",
              "class": ""
            }
          },
          "slug": "row",
          "children": [
            {
              "visibility": {
                "lg": true,
                "md": true,
                "sm": true,
                "xs": true
              },
              "form": {
                "general": {
                  "center_text": false,
                  "bg_image": "",
                  "image_repeat": "no-repeat",
                  "image_position": "initial",
                  "image_size": "initial",
                  "bg_color": "",
                  "margin": {
                    "top": "",
                    "left": "",
                    "bottom": "",
                    "right": ""
                  },
                  "padding": {
                    "top": "",
                    "left": "0px",
                    "bottom": "",
                    "right": "0px"
                  }
                },
                "advanced": {
                  "label": "Column",
                  "id": "qx-column-54",
                  "class": ""
                }
              },
              "slug": "column",
              "children": [
                {
                  "visibility": {
                    "lg": true,
                    "md": true,
                    "sm": true,
                    "xs": true
                  },
                  "form": {
                    "general": {
                      "latitude": "-33.8665",
                      "longitude": "151.1956",
                      "image": "images/academia/icon/map.png",
                      "animation": "fadeIn"
                    },
                    "advanced": {
                      "label": "Google Map",
                      "id": "qx-map-255",
                      "class": ""
                    }
                  },
                  "slug": "map"
                }
              ],
              "size": {
                "lg": 1,
                "md": 1,
                "sm": 1,
                "xs": 1
              }
            }
          ]
        }
      ]
    },
    {
      "visibility": {
        "lg": true,
        "md": true,
        "sm": true,
        "xs": true
      },
      "form": {
        "general": {
          "container": true,
          "bg_image": "",
          "image_repeat": "no-repeat",
          "image_position": "initial",
          "image_size": "initial",
          "bg_color": "",
          "bg_parallax": false,
          "padding": {
            "top": "90px",
            "left": "",
            "bottom": "90px",
            "right": ""
          }
        },
        "advanced": {
          "label": "Section",
          "id": "qx-section-15123",
          "class": ""
        }
      },
      "slug": "section",
      "children": [
        {
          "visibility": {
            "lg": true,
            "md": true,
            "sm": true,
            "xs": true
          },
          "form": {
            "general": {
              "container": false,
              "bg_image": "",
              "equal_column": false,
              "image_size": "initial",
              "bg_color": "",
              "image_position": "initial",
              "margin": {
                "top": "",
                "left": "",
                "bottom": "",
                "right": ""
              },
              "padding": {
                "top": "",
                "left": "",
                "bottom": "",
                "right": ""
              },
              "bg_parallax": false,
              "image_repeat": "no-repeat"
            },
            "advanced": {
              "label": "Row",
              "id": "qx-row-24124",
              "class": ""
            }
          },
          "slug": "row",
          "children": [
            {
              "visibility": {
                "lg": true,
                "md": true,
                "sm": true,
                "xs": true
              },
              "form": {
                "general": {
                  "center_text": false,
                  "bg_image": "",
                  "image_repeat": "no-repeat",
                  "image_position": "initial",
                  "image_size": "initial",
                  "bg_color": "",
                  "margin": {
                    "top": "",
                    "left": "",
                    "bottom": "",
                    "right": ""
                  },
                  "padding": {
                    "top": "",
                    "left": "",
                    "bottom": "",
                    "right": ""
                  }
                },
                "advanced": {
                  "label": "Column",
                  "id": "qx-column-77152",
                  "class": ""
                }
              },
              "slug": "column",
              "children": [
                {
                  "visibility": {
                    "lg": true,
                    "md": true,
                    "sm": true,
                    "xs": true
                  },
                  "form": {
                    "general": {
                      "pretitle": "Get in touch",
                      "title": "CONTACT US"
                    },
                    "styles": {
                      "animation": "fadeIn",
                      "pretitle_font": {
                        "size": "",
                        "bold": "",
                        "underline": "",
                        "italic": "",
                        "family": "",
                        "case": "",
                        "spacing": "",
                        "height": ""
                      },
                      "pretitle_color": "",
                      "title_font": {
                        "size": "",
                        "bold": "",
                        "underline": "",
                        "italic": "",
                        "family": "",
                        "case": "",
                        "spacing": "",
                        "height": ""
                      },
                      "title_color": ""
                    },
                    "advanced": {
                      "label": "Academia Header",
                      "id": "qx-academia-header-7022",
                      "class": ""
                    }
                  },
                  "slug": "academia-header"
                },
                {
                  "visibility": {
                    "lg": true,
                    "md": true,
                    "sm": true,
                    "xs": true
                  },
                  "form": {
                    "general": {
                      "alignment": "left",
                      "content": "<p>We are always here to hear from you</p>",
                      "animation": "fadeIn"
                    },
                    "styles": {
                      "bg_image": "",
                      "image_size": "initial",
                      "bg_color": "",
                      "image_position": "initial",
                      "margin": {
                        "top": "",
                        "left": "",
                        "bottom": "",
                        "right": ""
                      },
                      "font": {
                        "size": "",
                        "bold": "",
                        "underline": "",
                        "italic": "",
                        "family": "",
                        "case": "",
                        "spacing": "",
                        "height": ""
                      },
                      "padding": {
                        "top": "",
                        "left": "",
                        "bottom": "",
                        "right": ""
                      },
                      "text_color": "",
                      "image_repeat": "no-repeat"
                    },
                    "advanced": {
                      "label": "Text",
                      "id": "qx-text-9445",
                      "class": ""
                    }
                  },
                  "slug": "text"
                },
                {
                  "visibility": {
                    "lg": true,
                    "md": true,
                    "sm": true,
                    "xs": true
                  },
                  "form": {
                    "general": {
                      "alignment": "left",
                      "animation": "fadeIn",
                      "placement": "left",
                      "image_alt_text": "",
                      "title": "Phone",
                      "content": "<p>+00 02 9114147</p>",
                      "icon": "",
                      "link": {
                        "url": null,
                        "target": null
                      },
                      "image": "images/academia/icon/phone.png",
                      "icon_enabled": false
                    },
                    "styles": {
                      "header_margin": {
                        "top": "",
                        "left": "",
                        "bottom": "",
                        "right": ""
                      },
                      "bg_image": "",
                      "header_font": {
                        "size": "",
                        "bold": "",
                        "underline": "",
                        "italic": "",
                        "family": "",
                        "case": "",
                        "spacing": "",
                        "height": ""
                      },
                      "border_radius": 3,
                      "image_size": "initial",
                      "bg_hover_color": "",
                      "body_color": "",
                      "bg_color": "",
                      "icon_font_size": 80,
                      "border": false,
                      "body_font": {
                        "size": "",
                        "bold": "",
                        "underline": "",
                        "italic": "",
                        "family": "",
                        "case": "",
                        "spacing": "",
                        "height": ""
                      },
                      "border_hover_color": "",
                      "image_position": "initial",
                      "margin": {
                        "top": "",
                        "left": "",
                        "bottom": "",
                        "right": ""
                      },
                      "border_color": "",
                      "padding": {
                        "top": "",
                        "left": "",
                        "bottom": "",
                        "right": ""
                      },
                      "header_color": "",
                      "border_width": 2,
                      "icon_color": "",
                      "border_style": "solid",
                      "image_repeat": "no-repeat"
                    },
                    "advanced": {
                      "label": "Blurb",
                      "id": "qx-blurb-179",
                      "class": ""
                    }
                  },
                  "slug": "blurb"
                },
                {
                  "visibility": {
                    "lg": true,
                    "md": true,
                    "sm": true,
                    "xs": true
                  },
                  "form": {
                    "general": {
                      "alignment": "left",
                      "animation": "fadeIn",
                      "placement": "left",
                      "image_alt_text": "",
                      "title": "Email",
                      "content": "<p>info@yourdomain.com</p>",
                      "icon": "",
                      "link": {
                        "url": null,
                        "target": null
                      },
                      "image": "images/academia/icon/email.png",
                      "icon_enabled": false
                    },
                    "styles": {
                      "header_margin": {
                        "top": "",
                        "left": "",
                        "bottom": "",
                        "right": ""
                      },
                      "bg_image": "",
                      "header_font": {
                        "size": "",
                        "bold": "",
                        "underline": "",
                        "italic": "",
                        "family": "",
                        "case": "",
                        "spacing": "",
                        "height": ""
                      },
                      "border_radius": 3,
                      "image_size": "initial",
                      "bg_hover_color": "",
                      "body_color": "",
                      "bg_color": "",
                      "icon_font_size": 80,
                      "border": false,
                      "body_font": {
                        "size": "",
                        "bold": "",
                        "underline": "",
                        "italic": "",
                        "family": "",
                        "case": "",
                        "spacing": "",
                        "height": ""
                      },
                      "border_hover_color": "",
                      "image_position": "initial",
                      "margin": {
                        "top": "",
                        "left": "",
                        "bottom": "",
                        "right": ""
                      },
                      "border_color": "",
                      "padding": {
                        "top": "",
                        "left": "",
                        "bottom": "",
                        "right": ""
                      },
                      "header_color": "",
                      "border_width": 2,
                      "icon_color": "",
                      "border_style": "solid",
                      "image_repeat": "no-repeat"
                    },
                    "advanced": {
                      "label": "Blurb",
                      "id": "qx-blurb-82226",
                      "class": ""
                    }
                  },
                  "slug": "blurb"
                },
                {
                  "visibility": {
                    "lg": true,
                    "md": true,
                    "sm": true,
                    "xs": true
                  },
                  "form": {
                    "general": {
                      "alignment": "left",
                      "animation": "fadeIn",
                      "placement": "left",
                      "image_alt_text": "",
                      "title": "Address",
                      "content": "<p>35/4, Lake Circus Rd, <br /> Dhaka<br /> 1205<br /> Bangladesh</p>",
                      "icon": "",
                      "link": {
                        "url": null,
                        "target": null
                      },
                      "image": "images/academia/icon/map.png",
                      "icon_enabled": false
                    },
                    "styles": {
                      "header_margin": {
                        "top": "",
                        "left": "",
                        "bottom": "",
                        "right": ""
                      },
                      "bg_image": "",
                      "header_font": {
                        "size": "",
                        "bold": "",
                        "underline": "",
                        "italic": "",
                        "family": "",
                        "case": "",
                        "spacing": "",
                        "height": ""
                      },
                      "border_radius": 3,
                      "image_size": "initial",
                      "bg_hover_color": "",
                      "body_color": "",
                      "bg_color": "",
                      "icon_font_size": 80,
                      "border": false,
                      "body_font": {
                        "size": "",
                        "bold": "",
                        "underline": "",
                        "italic": "",
                        "family": "",
                        "case": "",
                        "spacing": "",
                        "height": ""
                      },
                      "border_hover_color": "",
                      "image_position": "initial",
                      "margin": {
                        "top": "",
                        "left": "",
                        "bottom": "",
                        "right": ""
                      },
                      "border_color": "",
                      "padding": {
                        "top": "",
                        "left": "",
                        "bottom": "",
                        "right": ""
                      },
                      "header_color": "",
                      "border_width": 2,
                      "icon_color": "",
                      "border_style": "solid",
                      "image_repeat": "no-repeat"
                    },
                    "advanced": {
                      "label": "Blurb",
                      "id": "qx-blurb-36228",
                      "class": ""
                    }
                  },
                  "slug": "blurb"
                }
              ],
              "size": {
                "lg": 0.5,
                "md": 0.5,
                "sm": 1,
                "xs": 1
              }
            },
            {
              "visibility": {
                "lg": true,
                "md": true,
                "sm": true,
                "xs": true
              },
              "form": {
                "general": {
                  "center_text": false,
                  "bg_image": "",
                  "image_repeat": "no-repeat",
                  "image_position": "initial",
                  "image_size": "initial",
                  "bg_color": "",
                  "margin": {
                    "top": "",
                    "left": "",
                    "bottom": "",
                    "right": ""
                  },
                  "padding": {
                    "top": "",
                    "left": "",
                    "bottom": "",
                    "right": ""
                  }
                },
                "advanced": {
                  "label": "Column",
                  "id": "qx-column-51154",
                  "class": ""
                }
              },
              "slug": "column",
              "children": [
                {
                  "visibility": {
                    "lg": true,
                    "md": true,
                    "sm": true,
                    "xs": true
                  },
                  "form": {
                    "general": {
                      "module_id": 375,
                      "animation": 0
                    },
                    "advanced": {
                      "label": "Joomla Module",
                      "id": "qx-joomla-module-7010",
                      "class": ""
                    }
                  },
                  "slug": "joomla-module"
                }
              ],
              "size": {
                "lg": 0.5,
                "md": 0.5,
                "sm": 1,
                "xs": 1
              }
            }
          ]
        }
      ]
    },
    {
      "visibility": {
        "lg": true,
        "md": true,
        "sm": true,
        "xs": true
      },
      "form": {
        "general": {
          "container": true,
          "bg_image": "",
          "image_repeat": "no-repeat",
          "image_position": "initial",
          "image_size": "initial",
          "bg_color": "",
          "bg_parallax": false,
          "padding": {
            "top": "",
            "left": "",
            "bottom": "90px",
            "right": ""
          }
        },
        "advanced": {
          "label": "Section",
          "id": "qx-section-19108",
          "class": ""
        }
      },
      "slug": "section",
      "children": [
        {
          "visibility": {
            "lg": true,
            "md": true,
            "sm": true,
            "xs": true
          },
          "form": {
            "general": {
              "container": false,
              "bg_image": "",
              "equal_column": false,
              "image_size": "initial",
              "bg_color": "",
              "image_position": "initial",
              "margin": {
                "top": "",
                "left": "",
                "bottom": "",
                "right": ""
              },
              "padding": {
                "top": "",
                "left": "",
                "bottom": "",
                "right": ""
              },
              "bg_parallax": false,
              "image_repeat": "no-repeat"
            },
            "advanced": {
              "label": "Row",
              "id": "qx-row-9854",
              "class": ""
            }
          },
          "slug": "row",
          "children": [
            {
              "visibility": {
                "lg": true,
                "md": true,
                "sm": true,
                "xs": true
              },
              "form": {
                "general": {
                  "center_text": false,
                  "bg_image": "",
                  "image_repeat": "no-repeat",
                  "image_position": "initial",
                  "image_size": "initial",
                  "bg_color": "",
                  "margin": {
                    "top": "",
                    "left": "",
                    "bottom": "",
                    "right": ""
                  },
                  "padding": {
                    "top": "",
                    "left": "",
                    "bottom": "",
                    "right": ""
                  }
                },
                "advanced": {
                  "label": "Column",
                  "id": "qx-column-256",
                  "class": ""
                }
              },
              "slug": "column",
              "children": [
                {
                  "visibility": {
                    "lg": true,
                    "md": true,
                    "sm": true,
                    "xs": true
                  },
                  "form": {
                    "general": {
                      "icon": "fa fa-facebook-f",
                      "title_1": "893K Followers",
                      "title_2": "Follow Us",
                      "link": {
                        "url": "https://facebook.com/themexpert",
                        "target": true
                      },
                      "alignment": "center"
                    },
                    "styles": {
                      "icon_size": "70",
                      "color": "",
                      "border": 0,
                      "border_color": "",
                      "border_width": 2,
                      "border_radius": 30,
                      "margin": {
                        "top": "",
                        "left": "",
                        "bottom": "",
                        "right": ""
                      },
                      "padding": {
                        "top": "",
                        "left": "",
                        "bottom": "",
                        "right": ""
                      }
                    },
                    "advanced": {
                      "label": "Academia Icon",
                      "id": "qx-academia-icon-1693",
                      "class": ""
                    }
                  },
                  "slug": "academia-icon"
                }
              ],
              "size": {
                "lg": 0.25,
                "md": 0.25,
                "sm": 0.5,
                "xs": 1
              }
            },
            {
              "visibility": {
                "lg": true,
                "md": true,
                "sm": true,
                "xs": true
              },
              "form": {
                "general": {
                  "center_text": false,
                  "bg_image": "",
                  "image_repeat": "no-repeat",
                  "image_position": "initial",
                  "image_size": "initial",
                  "bg_color": "",
                  "margin": {
                    "top": "",
                    "left": "",
                    "bottom": "",
                    "right": ""
                  },
                  "padding": {
                    "top": "",
                    "left": "",
                    "bottom": "",
                    "right": ""
                  }
                },
                "advanced": {
                  "label": "Column",
                  "id": "qx-column-4358",
                  "class": ""
                }
              },
              "slug": "column",
              "children": [
                {
                  "visibility": {
                    "lg": true,
                    "md": true,
                    "sm": true,
                    "xs": true
                  },
                  "form": {
                    "general": {
                      "icon": "fa fa-twitter",
                      "title_1": "893K Followers",
                      "title_2": "Follow Us",
                      "link": {
                        "url": "https://twitter.com/themexpert",
                        "target": true
                      },
                      "alignment": "center"
                    },
                    "styles": {
                      "icon_size": "70",
                      "color": "",
                      "border": 0,
                      "border_color": "",
                      "border_width": 2,
                      "border_radius": 30,
                      "margin": {
                        "top": "",
                        "left": "-20px",
                        "bottom": "",
                        "right": ""
                      },
                      "padding": {
                        "top": "",
                        "left": "",
                        "bottom": "",
                        "right": ""
                      }
                    },
                    "advanced": {
                      "label": "Academia Icon",
                      "id": "qx-academia-icon-14326",
                      "class": ""
                    }
                  },
                  "slug": "academia-icon"
                }
              ],
              "size": {
                "lg": 0.25,
                "md": 0.25,
                "sm": 0.5,
                "xs": 1
              }
            },
            {
              "visibility": {
                "lg": true,
                "md": true,
                "sm": true,
                "xs": true
              },
              "form": {
                "general": {
                  "center_text": false,
                  "bg_image": "",
                  "image_repeat": "no-repeat",
                  "image_position": "initial",
                  "image_size": "initial",
                  "bg_color": "",
                  "margin": {
                    "top": "",
                    "left": "",
                    "bottom": "",
                    "right": ""
                  },
                  "padding": {
                    "top": "",
                    "left": "",
                    "bottom": "",
                    "right": ""
                  }
                },
                "advanced": {
                  "label": "Column",
                  "id": "qx-column-4260",
                  "class": ""
                }
              },
              "slug": "column",
              "children": [
                {
                  "visibility": {
                    "lg": true,
                    "md": true,
                    "sm": true,
                    "xs": true
                  },
                  "form": {
                    "general": {
                      "icon": "fa fa-google-plus",
                      "title_1": "893K Followers",
                      "title_2": "Follow Us",
                      "link": {
                        "url": "https://plus.google.com/+themexpert",
                        "target": true
                      },
                      "alignment": "center"
                    },
                    "styles": {
                      "icon_size": "57",
                      "color": "",
                      "border": 0,
                      "border_color": "",
                      "border_width": 2,
                      "border_radius": 30,
                      "margin": {
                        "top": "",
                        "left": "-18px",
                        "bottom": "",
                        "right": ""
                      },
                      "padding": {
                        "top": "",
                        "left": "",
                        "bottom": "",
                        "right": ""
                      }
                    },
                    "advanced": {
                      "label": "Academia Icon",
                      "id": "qx-academia-icon-79329",
                      "class": ""
                    }
                  },
                  "slug": "academia-icon"
                }
              ],
              "size": {
                "lg": 0.25,
                "md": 0.25,
                "sm": 0.5,
                "xs": 1
              }
            },
            {
              "visibility": {
                "lg": true,
                "md": true,
                "sm": true,
                "xs": true
              },
              "form": {
                "general": {
                  "center_text": false,
                  "bg_image": "",
                  "image_repeat": "no-repeat",
                  "image_position": "initial",
                  "image_size": "initial",
                  "bg_color": "",
                  "margin": {
                    "top": "",
                    "left": "",
                    "bottom": "",
                    "right": ""
                  },
                  "padding": {
                    "top": "",
                    "left": "",
                    "bottom": "",
                    "right": ""
                  }
                },
                "advanced": {
                  "label": "Column",
                  "id": "qx-column-2462",
                  "class": ""
                }
              },
              "slug": "column",
              "children": [
                {
                  "visibility": {
                    "lg": true,
                    "md": true,
                    "sm": true,
                    "xs": true
                  },
                  "form": {
                    "general": {
                      "icon": "fa fa-vimeo",
                      "title_1": "893K Followers",
                      "title_2": "Follow Us",
                      "link": {
                        "url": "https://vimeo.com/",
                        "target": true
                      },
                      "alignment": "center"
                    },
                    "styles": {
                      "icon_size": "70",
                      "color": "",
                      "border": 0,
                      "border_color": "",
                      "border_width": 2,
                      "border_radius": 30,
                      "margin": {
                        "top": "",
                        "left": "-20px",
                        "bottom": "",
                        "right": ""
                      },
                      "padding": {
                        "top": "",
                        "left": "",
                        "bottom": "",
                        "right": ""
                      }
                    },
                    "advanced": {
                      "label": "Academia Icon",
                      "id": "qx-academia-icon-99332",
                      "class": ""
                    }
                  },
                  "slug": "academia-icon"
                }
              ],
              "size": {
                "lg": 0.25,
                "md": 0.25,
                "sm": 0.5,
                "xs": 1
              }
            }
          ]
        }
      ]
    },
    {
      "visibility": {
        "lg": true,
        "md": true,
        "sm": true,
        "xs": true
      },
      "form": {
        "general": {
          "container": true,
          "bg_image": "images/academia/background/action-bg.jpg",
          "image_repeat": "no-repeat",
          "image_position": "center",
          "image_size": "cover",
          "bg_color": "",
          "bg_parallax": false,
          "padding": {
            "top": "150px",
            "left": "",
            "bottom": "120px",
            "right": ""
          }
        },
        "advanced": {
          "label": "GET STARTED TODAY!",
          "id": "qx-section-85609",
          "class": ""
        }
      },
      "slug": "section",
      "children": [
        {
          "visibility": {
            "lg": true,
            "md": true,
            "sm": true,
            "xs": true
          },
          "form": {
            "general": {
              "container": false,
              "bg_image": "",
              "equal_column": false,
              "image_size": "initial",
              "bg_color": "",
              "image_position": "initial",
              "margin": {
                "top": "",
                "left": "",
                "bottom": "",
                "right": ""
              },
              "padding": {
                "top": "",
                "left": "",
                "bottom": "",
                "right": ""
              },
              "bg_parallax": false,
              "image_repeat": "no-repeat"
            },
            "advanced": {
              "label": "Row",
              "id": "qx-row-29610",
              "class": ""
            }
          },
          "slug": "row",
          "children": [
            {
              "visibility": {
                "lg": true,
                "md": true,
                "sm": true,
                "xs": true
              },
              "form": {
                "general": {
                  "center_text": false,
                  "bg_image": "",
                  "image_repeat": "no-repeat",
                  "image_position": "initial",
                  "image_size": "initial",
                  "bg_color": "",
                  "margin": {
                    "top": "",
                    "left": "",
                    "bottom": "",
                    "right": ""
                  },
                  "padding": {
                    "top": "",
                    "left": "",
                    "bottom": "",
                    "right": ""
                  }
                },
                "advanced": {
                  "label": "Column",
                  "id": "qx-column-52612",
                  "class": ""
                }
              },
              "slug": "column",
              "children": [
                {
                  "visibility": {
                    "lg": true,
                    "md": true,
                    "sm": true,
                    "xs": true
                  },
                  "form": {
                    "general": {
                      "pretitle": "Like what you're learning",
                      "title": "GET STARTED TODAY!"
                    },
                    "styles": {
                      "animation": "fadeIn",
                      "pretitle_font": {
                        "size": "",
                        "bold": "",
                        "underline": "",
                        "italic": "",
                        "family": "",
                        "case": "",
                        "spacing": "",
                        "height": ""
                      },
                      "pretitle_color": "rgba(255, 255, 255, 1)",
                      "title_font": {
                        "size": "",
                        "bold": "",
                        "underline": "",
                        "italic": "",
                        "family": "",
                        "case": "",
                        "spacing": "",
                        "height": ""
                      },
                      "title_color": "rgba(255, 255, 255, 1)"
                    },
                    "advanced": {
                      "label": "Academia Header",
                      "id": "qx-academia-header-6615",
                      "class": ""
                    }
                  },
                  "slug": "academia-header"
                },
                {
                  "visibility": {
                    "lg": true,
                    "md": true,
                    "sm": true,
                    "xs": true
                  },
                  "form": {
                    "general": {
                      "alignment": "left",
                      "content": "<p>Pellentesque habitant morbi tristique senectus et netus et malesuada fames ac turpis egestas</p>",
                      "animation": "fadeIn"
                    },
                    "styles": {
                      "bg_image": "",
                      "image_size": "initial",
                      "bg_color": "",
                      "image_position": "initial",
                      "margin": {
                        "top": "",
                        "left": "",
                        "bottom": "",
                        "right": ""
                      },
                      "font": {
                        "size": "16px",
                        "bold": "",
                        "underline": "",
                        "italic": "",
                        "family": "",
                        "case": "",
                        "spacing": "",
                        "height": ""
                      },
                      "padding": {
                        "top": "",
                        "left": "",
                        "bottom": "",
                        "right": "50%"
                      },
                      "text_color": "rgba(255, 255, 255, 1)",
                      "image_repeat": "no-repeat"
                    },
                    "advanced": {
                      "label": "Text",
                      "id": "qx-text-90740",
                      "class": ""
                    }
                  },
                  "slug": "text"
                },
                {
                  "visibility": {
                    "lg": true,
                    "md": true,
                    "sm": true,
                    "xs": true
                  },
                  "form": {
                    "general": {
                      "button": {
                        "text": "SIGN UP",
                        "url": "#",
                        "target": false
                      },
                      "alignment": "left",
                      "icon": "",
                      "icon_placement": "left",
                      "type": "regular",
                      "style": "qx-btn-default",
                      "animation": 0
                    },
                    "styles": {
                      "border_radius": "0",
                      "bg_color_hover": "rgba(255, 255, 255, 1)",
                      "button_icon_color_hover": "",
                      "bg_color": "#01bafd",
                      "button_icon_color": "",
                      "border": true,
                      "border_hover_color": "",
                      "text_color_hover": "#01bafd",
                      "margin": {
                        "top": "40px",
                        "left": "",
                        "bottom": "",
                        "right": ""
                      },
                      "font": {
                        "size": "18px",
                        "family": null,
                        "case": null,
                        "spacing": null,
                        "height": null
                      },
                      "border_color": "",
                      "padding": {
                        "top": "10px",
                        "left": "16px",
                        "bottom": "10px",
                        "right": "16px"
                      },
                      "text_color": "rgba(255, 255, 255, 1)",
                      "border_width": "0",
                      "border_style": "solid"
                    },
                    "advanced": {
                      "label": "Button",
                      "id": "qx-button-71774",
                      "class": ""
                    }
                  },
                  "slug": "button"
                },
                {
                  "visibility": {
                    "lg": true,
                    "md": true,
                    "sm": true,
                    "xs": true
                  },
                  "form": {
                    "general": {
                      "video_link": "https://www.youtube.com/watch?v=PAzH-YAlFYc",
                      "trigger_type": "icon",
                      "image": "",
                      "icon_text": "WATCH VIDEO",
                      "icon": "fa fa-play-circle-o"
                    },
                    "styles": {
                      "alignment": "right",
                      "animation": "fadeIn",
                      "min_height": "",
                      "text_font": {
                        "size": "24px",
                        "bold": "",
                        "underline": "",
                        "italic": "",
                        "family": "",
                        "case": "",
                        "spacing": "",
                        "height": ""
                      },
                      "text_color": "rgba(255, 255, 255, 1)"
                    },
                    "advanced": {
                      "label": "Academia Video",
                      "id": "qx-academia-video-14325",
                      "class": ""
                    }
                  },
                  "slug": "academia-video"
                }
              ],
              "size": {
                "lg": 1,
                "md": 1,
                "sm": 1,
                "xs": 1
              }
            }
          ]
        }
      ]
    }
  ]
}