{
  "groups": [],
  "title": "Home 3",
  "type": "layout",
  "data": [
    {
      "visibility": {
        "lg": true,
        "md": true,
        "sm": true,
        "xs": true
      },
      "form": {
        "general": {
          "container": true,
          "bg_image": "images/academia/background/CTA-img-9.jpg",
          "image_repeat": "no-repeat",
          "image_position": "center",
          "image_size": "cover",
          "bg_color": "",
          "bg_parallax": false,
          "padding": {
            "top": "",
            "left": "",
            "bottom": "",
            "right": ""
          }
        },
        "advanced": {
          "label": "Feature Slider",
          "id": "qx-section-216",
          "class": ""
        }
      },
      "slug": "section",
      "children": [
        {
          "visibility": {
            "lg": true,
            "md": true,
            "sm": true,
            "xs": true
          },
          "form": {
            "general": {
              "container": false,
              "bg_image": "",
              "equal_column": false,
              "image_size": "initial",
              "bg_color": "",
              "image_position": "initial",
              "margin": {
                "top": "",
                "left": "0px",
                "bottom": "",
                "right": "0px"
              },
              "padding": {
                "top": "",
                "left": "0px",
                "bottom": "",
                "right": "0px"
              },
              "bg_parallax": false,
              "image_repeat": "no-repeat"
            },
            "advanced": {
              "label": "Row",
              "id": "qx-row-46890",
              "class": ""
            }
          },
          "slug": "row",
          "children": [
            {
              "visibility": {
                "lg": true,
                "md": true,
                "sm": true,
                "xs": true
              },
              "form": {
                "general": {
                  "center_text": false,
                  "bg_image": "",
                  "image_repeat": "no-repeat",
                  "image_position": "initial",
                  "image_size": "initial",
                  "bg_color": "rgba(0, 0, 0, 1)",
                  "margin": {
                    "top": "",
                    "left": "",
                    "bottom": "",
                    "right": ""
                  },
                  "padding": {
                    "top": "60px",
                    "left": "30px",
                    "bottom": "60px",
                    "right": "30px"
                  }
                },
                "advanced": {
                  "label": "Column",
                  "id": "qx-column-27892",
                  "class": ""
                }
              },
              "slug": "column",
              "children": [
                {
                  "visibility": {
                    "lg": true,
                    "md": true,
                    "sm": true,
                    "xs": true
                  },
                  "form": {
                    "general": {
                      "alignment": "left",
                      "content": "<h2>Find your way</h2>",
                      "animation": "fadeIn"
                    },
                    "styles": {
                      "bg_image": "",
                      "image_size": "initial",
                      "bg_color": "",
                      "image_position": "initial",
                      "margin": {
                        "top": "",
                        "left": "",
                        "bottom": "",
                        "right": ""
                      },
                      "font": {
                        "size": "62px",
                        "bold": "",
                        "underline": "",
                        "italic": "",
                        "family": "",
                        "case": "",
                        "spacing": "",
                        "height": ""
                      },
                      "padding": {
                        "top": "",
                        "left": "",
                        "bottom": "",
                        "right": ""
                      },
                      "text_color": "rgba(255, 255, 255, 1)",
                      "image_repeat": "no-repeat"
                    },
                    "advanced": {
                      "label": "Text",
                      "id": "qx-text-2193",
                      "class": ""
                    }
                  },
                  "slug": "text"
                },
                {
                  "visibility": {
                    "lg": true,
                    "md": true,
                    "sm": true,
                    "xs": true
                  },
                  "form": {
                    "general": {
                      "alignment": "left",
                      "content": "<h3>Signup for Spring 2016 Courses</h3>",
                      "animation": "fadeIn"
                    },
                    "styles": {
                      "bg_image": "",
                      "image_size": "initial",
                      "bg_color": "",
                      "image_position": "initial",
                      "margin": {
                        "top": "",
                        "left": "",
                        "bottom": "",
                        "right": ""
                      },
                      "font": {
                        "size": "24px",
                        "bold": "",
                        "underline": "",
                        "italic": "",
                        "family": "",
                        "case": "",
                        "spacing": "",
                        "height": ""
                      },
                      "padding": {
                        "top": "",
                        "left": "",
                        "bottom": "",
                        "right": ""
                      },
                      "text_color": "rgba(255, 255, 255, 1)",
                      "image_repeat": "no-repeat"
                    },
                    "advanced": {
                      "label": "Text",
                      "id": "qx-text-55232",
                      "class": ""
                    }
                  },
                  "slug": "text"
                },
                {
                  "visibility": {
                    "lg": true,
                    "md": true,
                    "sm": true,
                    "xs": true
                  },
                  "form": {
                    "general": {
                      "alignment": "left",
                      "content": "<form>\n<div class=\"form-group\"><input class=\"input-group input-lg\" type=\"text\" placeholder=\"Your name\" /></div>\n<div class=\"form-group\"><input class=\"input-group input-lg\" type=\"email\" placeholder=\"Your email\" /></div>\n<div class=\"form-group\"><button class=\"btn btn-primary btn-lg\">Submit</button></div>\n</form>",
                      "animation": "fadeIn"
                    },
                    "styles": {
                      "bg_image": "",
                      "image_size": "initial",
                      "bg_color": "",
                      "image_position": "initial",
                      "margin": {
                        "top": "",
                        "left": "",
                        "bottom": "",
                        "right": ""
                      },
                      "font": {
                        "size": "",
                        "bold": "",
                        "underline": "",
                        "italic": "",
                        "family": "",
                        "case": "",
                        "spacing": "",
                        "height": ""
                      },
                      "padding": {
                        "top": "",
                        "left": "",
                        "bottom": "",
                        "right": ""
                      },
                      "text_color": "",
                      "image_repeat": "no-repeat"
                    },
                    "advanced": {
                      "label": "Custom HTML",
                      "id": "qx-custom-html-55585",
                      "class": ""
                    }
                  },
                  "slug": "custom-html"
                }
              ],
              "size": {
                "lg": 0.4166666666666667,
                "md": 0.4166666666666667,
                "sm": 0.5,
                "xs": 1
              }
            },
            {
              "visibility": {
                "lg": true,
                "md": true,
                "sm": true,
                "xs": true
              },
              "form": {
                "general": {
                  "center_text": false,
                  "bg_image": "",
                  "image_repeat": "no-repeat",
                  "image_position": "initial",
                  "image_size": "initial",
                  "bg_color": "",
                  "margin": {
                    "top": "",
                    "left": "",
                    "bottom": "",
                    "right": ""
                  },
                  "padding": {
                    "top": "",
                    "left": "",
                    "bottom": "",
                    "right": ""
                  }
                },
                "advanced": {
                  "label": "Column",
                  "id": "qx-column-8059",
                  "class": ""
                }
              },
              "slug": "column",
              "children": [],
              "size": {
                "lg": 0.5833333333333334,
                "md": 0.5833333333333334,
                "sm": 0.16666666666666666,
                "xs": 1
              }
            }
          ]
        }
      ]
    },
    {
      "visibility": {
        "lg": true,
        "md": true,
        "sm": true,
        "xs": true
      },
      "form": {
        "general": {
          "container": true,
          "bg_image": "",
          "image_repeat": "no-repeat",
          "image_position": "top center",
          "image_size": "cover",
          "bg_color": "",
          "bg_parallax": false,
          "padding": {
            "top": "50px",
            "left": "",
            "bottom": "50px",
            "right": ""
          }
        },
        "advanced": {
          "label": "",
          "id": "qx-section-5480",
          "class": ""
        }
      },
      "slug": "section",
      "children": [
        {
          "visibility": {
            "lg": true,
            "md": true,
            "sm": true,
            "xs": true
          },
          "form": {
            "general": {
              "container": false,
              "bg_image": "",
              "equal_column": false,
              "image_size": "initial",
              "bg_color": "",
              "image_position": "initial",
              "margin": {
                "top": "",
                "left": "",
                "bottom": "",
                "right": ""
              },
              "padding": {
                "top": "",
                "left": "",
                "bottom": "",
                "right": ""
              },
              "bg_parallax": false,
              "image_repeat": "no-repeat"
            },
            "advanced": {
              "label": "Row",
              "id": "qx-row-411047",
              "class": ""
            }
          },
          "slug": "row",
          "children": [
            {
              "visibility": {
                "lg": true,
                "md": true,
                "sm": true,
                "xs": true
              },
              "form": {
                "general": {
                  "center_text": false,
                  "bg_image": "",
                  "image_repeat": "no-repeat",
                  "image_position": "initial",
                  "image_size": "initial",
                  "bg_color": "",
                  "margin": {
                    "top": "",
                    "left": "",
                    "bottom": "",
                    "right": ""
                  },
                  "padding": {
                    "top": "",
                    "left": "",
                    "bottom": "",
                    "right": ""
                  }
                },
                "advanced": {
                  "label": "Column",
                  "id": "qx-column-851049",
                  "class": ""
                }
              },
              "slug": "column",
              "children": [
                {
                  "visibility": {
                    "lg": true,
                    "md": true,
                    "sm": true,
                    "xs": true
                  },
                  "form": {
                    "general": {
                      "alignment": "center",
                      "animation": "zoomIn",
                      "placement": "beforeTitle",
                      "image_alt_text": "",
                      "title": "Over 20,640 Free Tutorials",
                      "content": "<p>We have step by step tutorials &amp; instructions</p>",
                      "icon": "",
                      "link": {
                        "url": null,
                        "target": null
                      },
                      "image": "images/academia/icon/feature-icon-1.png",
                      "icon_enabled": false
                    },
                    "styles": {
                      "header_margin": {
                        "top": "",
                        "left": "",
                        "bottom": "",
                        "right": ""
                      },
                      "bg_image": "",
                      "header_font": {
                        "size": "",
                        "bold": "",
                        "underline": "",
                        "italic": "",
                        "family": "",
                        "case": "",
                        "spacing": "",
                        "height": ""
                      },
                      "border_radius": 3,
                      "image_size": "initial",
                      "bg_hover_color": "",
                      "body_color": "",
                      "bg_color": "",
                      "icon_font_size": 80,
                      "border": false,
                      "body_font": {
                        "size": "",
                        "bold": "",
                        "underline": "",
                        "italic": "",
                        "family": "",
                        "case": "",
                        "spacing": "",
                        "height": ""
                      },
                      "border_hover_color": "",
                      "image_position": "initial",
                      "margin": {
                        "top": "",
                        "left": "",
                        "bottom": "",
                        "right": ""
                      },
                      "border_color": "",
                      "padding": {
                        "top": "",
                        "left": "",
                        "bottom": "",
                        "right": ""
                      },
                      "header_color": "",
                      "border_width": 2,
                      "icon_color": "",
                      "border_style": "solid",
                      "image_repeat": "no-repeat"
                    },
                    "advanced": {
                      "label": "Blurb",
                      "id": "qx-blurb-801058",
                      "class": ""
                    }
                  },
                  "slug": "blurb"
                }
              ],
              "size": {
                "lg": 0.25,
                "md": 0.25,
                "sm": 0.5,
                "xs": 1
              }
            },
            {
              "visibility": {
                "lg": true,
                "md": true,
                "sm": true,
                "xs": true
              },
              "form": {
                "general": {
                  "center_text": false,
                  "bg_image": "",
                  "image_repeat": "no-repeat",
                  "image_position": "initial",
                  "image_size": "initial",
                  "bg_color": "",
                  "margin": {
                    "top": "",
                    "left": "",
                    "bottom": "",
                    "right": ""
                  },
                  "padding": {
                    "top": "",
                    "left": "",
                    "bottom": "",
                    "right": ""
                  }
                },
                "advanced": {
                  "label": "Column",
                  "id": "qx-column-661051",
                  "class": ""
                }
              },
              "slug": "column",
              "children": [
                {
                  "visibility": {
                    "lg": true,
                    "md": true,
                    "sm": true,
                    "xs": true
                  },
                  "form": {
                    "general": {
                      "alignment": "center",
                      "animation": "zoomIn",
                      "placement": "beforeTitle",
                      "image_alt_text": "",
                      "title": "640 Courses and Counting!",
                      "content": "<p>We have step by step tutorials &amp; instructions</p>",
                      "icon": "",
                      "link": {
                        "url": null,
                        "target": null
                      },
                      "image": "images/academia/icon/feature-icon-2.png",
                      "icon_enabled": false
                    },
                    "styles": {
                      "header_margin": {
                        "top": "",
                        "left": "",
                        "bottom": "",
                        "right": ""
                      },
                      "bg_image": "",
                      "header_font": {
                        "size": "",
                        "bold": "",
                        "underline": "",
                        "italic": "",
                        "family": "",
                        "case": "",
                        "spacing": "",
                        "height": ""
                      },
                      "border_radius": 3,
                      "image_size": "initial",
                      "bg_hover_color": "",
                      "body_color": "",
                      "bg_color": "",
                      "icon_font_size": 80,
                      "border": false,
                      "body_font": {
                        "size": "",
                        "bold": "",
                        "underline": "",
                        "italic": "",
                        "family": "",
                        "case": "",
                        "spacing": "",
                        "height": ""
                      },
                      "border_hover_color": "",
                      "image_position": "initial",
                      "margin": {
                        "top": "",
                        "left": "",
                        "bottom": "",
                        "right": ""
                      },
                      "border_color": "",
                      "padding": {
                        "top": "",
                        "left": "",
                        "bottom": "",
                        "right": ""
                      },
                      "header_color": "",
                      "border_width": 2,
                      "icon_color": "",
                      "border_style": "solid",
                      "image_repeat": "no-repeat"
                    },
                    "advanced": {
                      "label": "Blurb",
                      "id": "qx-blurb-71158",
                      "class": ""
                    }
                  },
                  "slug": "blurb"
                }
              ],
              "size": {
                "lg": 0.25,
                "md": 0.25,
                "sm": 0.5,
                "xs": 1
              }
            },
            {
              "visibility": {
                "lg": true,
                "md": true,
                "sm": true,
                "xs": true
              },
              "form": {
                "general": {
                  "center_text": false,
                  "bg_image": "",
                  "image_repeat": "no-repeat",
                  "image_position": "initial",
                  "image_size": "initial",
                  "bg_color": "",
                  "margin": {
                    "top": "",
                    "left": "",
                    "bottom": "",
                    "right": ""
                  },
                  "padding": {
                    "top": "",
                    "left": "",
                    "bottom": "",
                    "right": ""
                  }
                },
                "advanced": {
                  "label": "Column",
                  "id": "qx-column-841053",
                  "class": ""
                }
              },
              "slug": "column",
              "children": [
                {
                  "visibility": {
                    "lg": true,
                    "md": true,
                    "sm": true,
                    "xs": true
                  },
                  "form": {
                    "general": {
                      "alignment": "center",
                      "animation": "zoomIn",
                      "placement": "beforeTitle",
                      "image_alt_text": "",
                      "title": "Over 180k Books Available",
                      "content": "<p>We have step by step tutorials &amp; instructions</p>",
                      "icon": "",
                      "link": {
                        "url": null,
                        "target": null
                      },
                      "image": "images/academia/icon/feature-icon-3.png",
                      "icon_enabled": false
                    },
                    "styles": {
                      "header_margin": {
                        "top": "",
                        "left": "",
                        "bottom": "",
                        "right": ""
                      },
                      "bg_image": "",
                      "header_font": {
                        "size": "",
                        "bold": "",
                        "underline": "",
                        "italic": "",
                        "family": "",
                        "case": "",
                        "spacing": "",
                        "height": ""
                      },
                      "border_radius": 3,
                      "image_size": "initial",
                      "bg_hover_color": "",
                      "body_color": "",
                      "bg_color": "",
                      "icon_font_size": 80,
                      "border": false,
                      "body_font": {
                        "size": "",
                        "bold": "",
                        "underline": "",
                        "italic": "",
                        "family": "",
                        "case": "",
                        "spacing": "",
                        "height": ""
                      },
                      "border_hover_color": "",
                      "image_position": "initial",
                      "margin": {
                        "top": "",
                        "left": "",
                        "bottom": "",
                        "right": ""
                      },
                      "border_color": "",
                      "padding": {
                        "top": "",
                        "left": "",
                        "bottom": "",
                        "right": ""
                      },
                      "header_color": "",
                      "border_width": 2,
                      "icon_color": "",
                      "border_style": "solid",
                      "image_repeat": "no-repeat"
                    },
                    "advanced": {
                      "label": "Blurb",
                      "id": "qx-blurb-361161",
                      "class": ""
                    }
                  },
                  "slug": "blurb"
                }
              ],
              "size": {
                "lg": 0.25,
                "md": 0.25,
                "sm": 0.5,
                "xs": 1
              }
            },
            {
              "visibility": {
                "lg": true,
                "md": true,
                "sm": true,
                "xs": true
              },
              "form": {
                "general": {
                  "center_text": false,
                  "bg_image": "",
                  "image_repeat": "no-repeat",
                  "image_position": "initial",
                  "image_size": "initial",
                  "bg_color": "",
                  "margin": {
                    "top": "",
                    "left": "",
                    "bottom": "",
                    "right": ""
                  },
                  "padding": {
                    "top": "",
                    "left": "",
                    "bottom": "",
                    "right": ""
                  }
                },
                "advanced": {
                  "label": "Column",
                  "id": "qx-column-351055",
                  "class": ""
                }
              },
              "slug": "column",
              "children": [
                {
                  "visibility": {
                    "lg": true,
                    "md": true,
                    "sm": true,
                    "xs": true
                  },
                  "form": {
                    "general": {
                      "alignment": "center",
                      "animation": "zoomIn",
                      "placement": "beforeTitle",
                      "image_alt_text": "",
                      "title": "Everything you need to learn",
                      "content": "<p>We have step by step tutorials &amp; instructions</p>",
                      "icon": "",
                      "link": {
                        "url": null,
                        "target": null
                      },
                      "image": "images/academia/icon/feature-icon-4.png",
                      "icon_enabled": false
                    },
                    "styles": {
                      "header_margin": {
                        "top": "",
                        "left": "",
                        "bottom": "",
                        "right": ""
                      },
                      "bg_image": "",
                      "header_font": {
                        "size": "",
                        "bold": "",
                        "underline": "",
                        "italic": "",
                        "family": "",
                        "case": "",
                        "spacing": "",
                        "height": ""
                      },
                      "border_radius": 3,
                      "image_size": "initial",
                      "bg_hover_color": "",
                      "body_color": "",
                      "bg_color": "",
                      "icon_font_size": 80,
                      "border": false,
                      "body_font": {
                        "size": "",
                        "bold": "",
                        "underline": "",
                        "italic": "",
                        "family": "",
                        "case": "",
                        "spacing": "",
                        "height": ""
                      },
                      "border_hover_color": "",
                      "image_position": "initial",
                      "margin": {
                        "top": "",
                        "left": "",
                        "bottom": "",
                        "right": ""
                      },
                      "border_color": "",
                      "padding": {
                        "top": "",
                        "left": "",
                        "bottom": "",
                        "right": ""
                      },
                      "header_color": "",
                      "border_width": 2,
                      "icon_color": "",
                      "border_style": "solid",
                      "image_repeat": "no-repeat"
                    },
                    "advanced": {
                      "label": "Blurb",
                      "id": "qx-blurb-761164",
                      "class": ""
                    }
                  },
                  "slug": "blurb"
                }
              ],
              "size": {
                "lg": 0.25,
                "md": 0.25,
                "sm": 0.5,
                "xs": 1
              }
            }
          ]
        }
      ]
    },
    {
      "visibility": {
        "lg": true,
        "md": true,
        "sm": true,
        "xs": true
      },
      "form": {
        "general": {
          "container": true,
          "bg_image": "images/academia/background/cta-back.png",
          "image_repeat": "repeat",
          "image_position": "center",
          "image_size": "contain",
          "bg_color": "",
          "bg_parallax": false,
          "padding": {
            "top": "50px",
            "left": "",
            "bottom": "50px",
            "right": ""
          }
        },
        "advanced": {
          "label": "Section",
          "id": "qx-section-561383",
          "class": ""
        }
      },
      "slug": "section",
      "children": [
        {
          "visibility": {
            "lg": true,
            "md": true,
            "sm": true,
            "xs": true
          },
          "form": {
            "general": {
              "container": false,
              "bg_image": "",
              "equal_column": false,
              "image_size": "initial",
              "bg_color": "",
              "image_position": "initial",
              "margin": {
                "top": "",
                "left": "",
                "bottom": "",
                "right": ""
              },
              "padding": {
                "top": "",
                "left": "",
                "bottom": "",
                "right": ""
              },
              "bg_parallax": false,
              "image_repeat": "no-repeat"
            },
            "advanced": {
              "label": "Row",
              "id": "qx-row-661384",
              "class": ""
            }
          },
          "slug": "row",
          "children": [
            {
              "visibility": {
                "lg": true,
                "md": true,
                "sm": true,
                "xs": true
              },
              "form": {
                "general": {
                  "center_text": false,
                  "bg_image": "",
                  "image_repeat": "no-repeat",
                  "image_position": "initial",
                  "image_size": "initial",
                  "bg_color": "",
                  "margin": {
                    "top": "",
                    "left": "",
                    "bottom": "",
                    "right": ""
                  },
                  "padding": {
                    "top": "",
                    "left": "",
                    "bottom": "",
                    "right": ""
                  }
                },
                "advanced": {
                  "label": "Column",
                  "id": "qx-column-161439",
                  "class": ""
                }
              },
              "slug": "column",
              "children": [
                {
                  "visibility": {
                    "lg": true,
                    "md": true,
                    "sm": true,
                    "xs": true
                  },
                  "form": {
                    "general": {
                      "pretitle": "Like what you're learning",
                      "title": "GET STARTED TODAY!"
                    },
                    "styles": {
                      "animation": "fadeIn",
                      "pretitle_font": {
                        "size": "",
                        "bold": "",
                        "underline": "",
                        "italic": "",
                        "family": "",
                        "case": "",
                        "spacing": "",
                        "height": ""
                      },
                      "pretitle_color": "",
                      "title_font": {
                        "size": "",
                        "bold": "",
                        "underline": "",
                        "italic": "",
                        "family": "",
                        "case": "",
                        "spacing": "",
                        "height": ""
                      },
                      "title_color": ""
                    },
                    "advanced": {
                      "label": "Academia Header",
                      "id": "qx-academia-header-291447",
                      "class": ""
                    }
                  },
                  "slug": "academia-header"
                }
              ],
              "size": {
                "lg": 0.75,
                "md": 0.75,
                "sm": 1,
                "xs": 1
              }
            },
            {
              "visibility": {
                "lg": true,
                "md": true,
                "sm": true,
                "xs": true
              },
              "form": {
                "general": {
                  "center_text": false,
                  "bg_image": "",
                  "image_repeat": "no-repeat",
                  "image_position": "initial",
                  "image_size": "initial",
                  "bg_color": "",
                  "margin": {
                    "top": "",
                    "left": "",
                    "bottom": "",
                    "right": ""
                  },
                  "padding": {
                    "top": "",
                    "left": "",
                    "bottom": "",
                    "right": ""
                  }
                },
                "advanced": {
                  "label": "Column",
                  "id": "qx-column-541442",
                  "class": ""
                }
              },
              "slug": "column",
              "children": [
                {
                  "visibility": {
                    "lg": true,
                    "md": true,
                    "sm": true,
                    "xs": true
                  },
                  "form": {
                    "general": {
                      "button": {
                        "text": "Sign Up",
                        "url": "#",
                        "target": false
                      },
                      "alignment": "left",
                      "icon": "",
                      "icon_placement": "left",
                      "type": "fullwidth",
                      "style": "qx-btn-default",
                      "animation": 0
                    },
                    "styles": {
                      "border_radius": 3,
                      "bg_color_hover": "",
                      "button_icon_color_hover": "",
                      "bg_color": "",
                      "button_icon_color": "",
                      "border": false,
                      "border_hover_color": "",
                      "text_color_hover": "",
                      "margin": {
                        "top": "30px",
                        "left": "",
                        "bottom": "",
                        "right": ""
                      },
                      "font": {
                        "size": null,
                        "family": null,
                        "case": null,
                        "spacing": null,
                        "height": null
                      },
                      "border_color": "",
                      "padding": {
                        "top": "15px",
                        "left": "23px",
                        "bottom": "15px",
                        "right": "23px"
                      },
                      "text_color": "",
                      "border_width": 2,
                      "border_style": "solid"
                    },
                    "advanced": {
                      "label": "Button",
                      "id": "qx-button-891470",
                      "class": ""
                    }
                  },
                  "slug": "button"
                }
              ],
              "size": {
                "lg": 0.25,
                "md": 0.25,
                "sm": 0.3333333333333333,
                "xs": 1
              }
            }
          ]
        }
      ]
    },
    {
      "visibility": {
        "lg": true,
        "md": true,
        "sm": true,
        "xs": true
      },
      "form": {
        "general": {
          "container": true,
          "bg_image": "images/academia/background/transparent-back-1.png",
          "image_repeat": "no-repeat",
          "image_position": "top right",
          "image_size": "initial",
          "bg_color": "",
          "bg_parallax": false,
          "padding": {
            "top": "90px",
            "left": "",
            "bottom": "",
            "right": ""
          }
        },
        "advanced": {
          "label": "Course carousel",
          "id": "qx-section-141108",
          "class": ""
        }
      },
      "slug": "section",
      "children": [
        {
          "visibility": {
            "lg": true,
            "md": true,
            "sm": true,
            "xs": true
          },
          "form": {
            "general": {
              "container": false,
              "bg_image": "",
              "equal_column": false,
              "image_size": "initial",
              "bg_color": "",
              "image_position": "initial",
              "margin": {
                "top": "",
                "left": "",
                "bottom": "",
                "right": ""
              },
              "padding": {
                "top": "",
                "left": "",
                "bottom": "",
                "right": ""
              },
              "bg_parallax": false,
              "image_repeat": "no-repeat"
            },
            "advanced": {
              "label": "Row",
              "id": "qx-row-791605",
              "class": ""
            }
          },
          "slug": "row",
          "children": [
            {
              "visibility": {
                "lg": true,
                "md": true,
                "sm": true,
                "xs": true
              },
              "form": {
                "general": {
                  "center_text": false,
                  "bg_image": "",
                  "image_repeat": "no-repeat",
                  "image_position": "initial",
                  "image_size": "initial",
                  "bg_color": "",
                  "margin": {
                    "top": "",
                    "left": "",
                    "bottom": "",
                    "right": ""
                  },
                  "padding": {
                    "top": "",
                    "left": "",
                    "bottom": "",
                    "right": ""
                  }
                },
                "advanced": {
                  "label": "Column",
                  "id": "qx-column-561607",
                  "class": ""
                }
              },
              "slug": "column",
              "children": [
                {
                  "visibility": {
                    "lg": true,
                    "md": true,
                    "sm": true,
                    "xs": true
                  },
                  "form": {
                    "general": {
                      "pretitle": "Explore all the",
                      "title": "Courses"
                    },
                    "styles": {
                      "animation": "fadeIn",
                      "pretitle_font": {
                        "size": "",
                        "bold": "",
                        "underline": "",
                        "italic": "",
                        "family": "",
                        "case": "",
                        "spacing": "",
                        "height": ""
                      },
                      "pretitle_color": "",
                      "title_font": {
                        "size": "",
                        "bold": "",
                        "underline": "",
                        "italic": "",
                        "family": "",
                        "case": "",
                        "spacing": "",
                        "height": ""
                      },
                      "title_color": ""
                    },
                    "advanced": {
                      "label": "Academia Header",
                      "id": "qx-academia-header-98145",
                      "class": ""
                    }
                  },
                  "slug": "academia-header"
                },
                {
                  "visibility": {
                    "lg": true,
                    "md": true,
                    "sm": true,
                    "xs": true
                  },
                  "form": {
                    "general": {
                      "department": 1,
                      "count": 4,
                      "layout_style": "carosul",
                      "animation": 0
                    },
                    "advanced": {
                      "label": "Courses List",
                      "id": "qx-education-depertment-9868",
                      "class": ""
                    }
                  },
                  "slug": "education-depertment"
                }
              ],
              "size": {
                "lg": 1,
                "md": 1,
                "sm": 1,
                "xs": 1
              }
            }
          ]
        }
      ]
    },
    {
      "visibility": {
        "lg": true,
        "md": true,
        "sm": true,
        "xs": true
      },
      "form": {
        "general": {
          "container": true,
          "bg_image": "",
          "image_repeat": "no-repeat",
          "image_position": "initial",
          "image_size": "initial",
          "bg_color": "rgba(255, 255, 255, 1)",
          "bg_parallax": false,
          "padding": {
            "top": "90px",
            "left": "",
            "bottom": "",
            "right": ""
          }
        },
        "advanced": {
          "label": "Teachers",
          "id": "qx-section-34701",
          "class": ""
        }
      },
      "slug": "section",
      "children": [
        {
          "visibility": {
            "lg": true,
            "md": true,
            "sm": true,
            "xs": true
          },
          "form": {
            "general": {
              "container": false,
              "bg_image": "",
              "equal_column": false,
              "image_size": "initial",
              "bg_color": "",
              "image_position": "initial",
              "margin": {
                "top": "",
                "left": "",
                "bottom": "",
                "right": ""
              },
              "padding": {
                "top": "",
                "left": "",
                "bottom": "",
                "right": ""
              },
              "bg_parallax": false,
              "image_repeat": "no-repeat"
            },
            "advanced": {
              "label": "Row",
              "id": "qx-row-30702",
              "class": ""
            }
          },
          "slug": "row",
          "children": [
            {
              "visibility": {
                "lg": true,
                "md": true,
                "sm": true,
                "xs": true
              },
              "form": {
                "general": {
                  "center_text": false,
                  "bg_image": "",
                  "image_repeat": "no-repeat",
                  "image_position": "initial",
                  "image_size": "initial",
                  "bg_color": "",
                  "margin": {
                    "top": "",
                    "left": "",
                    "bottom": "",
                    "right": ""
                  },
                  "padding": {
                    "top": "",
                    "left": "",
                    "bottom": "",
                    "right": ""
                  }
                },
                "advanced": {
                  "label": "Column",
                  "id": "qx-column-70735",
                  "class": ""
                }
              },
              "slug": "column",
              "children": [
                {
                  "visibility": {
                    "lg": true,
                    "md": true,
                    "sm": true,
                    "xs": true
                  },
                  "form": {
                    "general": {
                      "pretitle": "Our fellow",
                      "title": "Teachers"
                    },
                    "styles": {
                      "animation": "fadeIn",
                      "pretitle_font": {
                        "size": "",
                        "bold": "",
                        "underline": "",
                        "italic": "",
                        "family": "",
                        "case": "",
                        "spacing": "",
                        "height": ""
                      },
                      "pretitle_color": "",
                      "title_font": {
                        "size": "",
                        "bold": "",
                        "underline": "",
                        "italic": "",
                        "family": "",
                        "case": "",
                        "spacing": "",
                        "height": ""
                      },
                      "title_color": ""
                    },
                    "advanced": {
                      "label": "Academia Header",
                      "id": "qx-academia-header-54730",
                      "class": ""
                    }
                  },
                  "slug": "academia-header"
                }
              ],
              "size": {
                "lg": 1,
                "md": 1,
                "sm": 1,
                "xs": 1
              }
            }
          ]
        }
      ]
    },
    {
      "visibility": {
        "lg": true,
        "md": true,
        "sm": true,
        "xs": true
      },
      "form": {
        "general": {
          "container": false,
          "bg_image": "",
          "image_repeat": "no-repeat",
          "image_position": "initial",
          "image_size": "initial",
          "bg_color": "",
          "bg_parallax": false,
          "padding": {
            "top": "",
            "left": "0px",
            "bottom": "",
            "right": "0px"
          }
        },
        "advanced": {
          "label": "Section",
          "id": "qx-section-621701",
          "class": ""
        }
      },
      "slug": "section",
      "children": [
        {
          "visibility": {
            "lg": true,
            "md": true,
            "sm": true,
            "xs": true
          },
          "form": {
            "general": {
              "container": false,
              "bg_image": "",
              "equal_column": false,
              "image_size": "initial",
              "bg_color": "",
              "image_position": "initial",
              "margin": {
                "top": "",
                "left": "0px",
                "bottom": "",
                "right": "0px"
              },
              "padding": {
                "top": "",
                "left": "0px",
                "bottom": "",
                "right": "0px"
              },
              "bg_parallax": false,
              "image_repeat": "no-repeat"
            },
            "advanced": {
              "label": "Row",
              "id": "qx-row-531702",
              "class": ""
            }
          },
          "slug": "row",
          "children": [
            {
              "visibility": {
                "lg": true,
                "md": true,
                "sm": true,
                "xs": true
              },
              "form": {
                "general": {
                  "center_text": false,
                  "bg_image": "",
                  "image_repeat": "no-repeat",
                  "image_position": "initial",
                  "image_size": "initial",
                  "bg_color": "",
                  "margin": {
                    "top": "",
                    "left": "0px",
                    "bottom": "",
                    "right": "0px"
                  },
                  "padding": {
                    "top": "",
                    "left": "0px",
                    "bottom": "",
                    "right": "0px"
                  }
                },
                "advanced": {
                  "label": "Column",
                  "id": "qx-column-701704",
                  "class": ""
                }
              },
              "slug": "column",
              "children": [
                {
                  "visibility": {
                    "lg": true,
                    "md": true,
                    "sm": true,
                    "xs": true
                  },
                  "form": {
                    "general": {
                      "teachers": [
                        {
                          "facebook": "#",
                          "name": "Paul Groves",
                          "social_enabled": true,
                          "twitter": "#",
                          "googleplus": "#",
                          "designation": "Teacher",
                          "image": "images/academia/tutors/tutor-1.jpg",
                          "description": "<p>Pellentesque habitant morbi tristique senectus et netus et malesuada fames ac turpis egestas</p>",
                          "linkedin": "#"
                        },
                        {
                          "facebook": "#",
                          "name": "Bonnie Odd",
                          "social_enabled": true,
                          "twitter": "#",
                          "googleplus": "#",
                          "designation": "Teacher",
                          "image": "images/academia/tutors/tutor-2.jpg",
                          "description": "<p>Pellentesque habitant morbi tristique senectus et netus et malesuada fames ac turpis egestas</p>",
                          "linkedin": "#"
                        },
                        {
                          "facebook": "#",
                          "name": "Dave Young",
                          "social_enabled": true,
                          "twitter": "#",
                          "googleplus": "#",
                          "designation": "Teacher",
                          "image": "images/academia/tutors/tutor-3.jpg",
                          "description": "<p>Pellentesque habitant morbi tristique senectus et netus et malesuada fames ac turpis egestas</p>",
                          "linkedin": "#"
                        },
                        {
                          "facebook": "#",
                          "name": "John Adams",
                          "social_enabled": true,
                          "twitter": "#",
                          "googleplus": "#",
                          "designation": "Teacher",
                          "image": "images/academia/tutors/tutor-4.jpg",
                          "description": "<p>Pellentesque habitant morbi tristique senectus et netus et malesuada fames ac turpis egestas</p>",
                          "linkedin": "#"
                        },
                        {
                          "facebook": "#",
                          "name": "Diedre Downing",
                          "social_enabled": true,
                          "twitter": "#",
                          "googleplus": "#",
                          "designation": "Teacher",
                          "image": "images/academia/tutors/tutor-5.jpg",
                          "description": "<p>Pellentesque habitant morbi tristique senectus et netus et malesuada fames ac turpis egestas</p>",
                          "linkedin": "#"
                        },
                        {
                          "facebook": "#",
                          "name": "Dave Yount",
                          "social_enabled": true,
                          "twitter": "#",
                          "googleplus": "#",
                          "designation": "Teacher",
                          "image": "images/academia/tutors/tutor-6.jpg",
                          "description": "<p>Pellentesque habitant morbi tristique senectus et netus et malesuada fames ac turpis egestas</p>",
                          "linkedin": "#"
                        },
                        {
                          "facebook": "#",
                          "name": "Diedre Downing",
                          "social_enabled": true,
                          "twitter": "#",
                          "googleplus": "#",
                          "designation": "Teacher",
                          "image": "images/academia/tutors/tutor-7.jpg",
                          "description": "<p>Pellentesque habitant morbi tristique senectus et netus et malesuada fames ac turpis egestas</p>",
                          "linkedin": "#"
                        },
                        {
                          "facebook": "#",
                          "name": "Matt Macfarlane",
                          "social_enabled": true,
                          "twitter": "#",
                          "googleplus": "#",
                          "designation": "Teacher",
                          "image": "images/academia/tutors/tutor-8.jpg",
                          "description": "<p>Pellentesque habitant morbi tristique senectus et netus et malesuada fames ac turpis egestas</p>",
                          "linkedin": "#"
                        }
                      ],
                      "columns": 4,
                      "padding": {
                        "top": "",
                        "left": "",
                        "bottom": "",
                        "right": ""
                      },
                      "animation": "fadeIn"
                    },
                    "advanced": {
                      "label": "Academia Teachers",
                      "id": "qx-academia-teachers-8045",
                      "class": ""
                    }
                  },
                  "slug": "academia-teachers"
                }
              ],
              "size": {
                "lg": 1,
                "md": 1,
                "sm": 1,
                "xs": 1
              }
            }
          ]
        }
      ]
    },
    {
      "visibility": {
        "lg": true,
        "md": true,
        "sm": true,
        "xs": true
      },
      "form": {
        "general": {
          "container": true,
          "bg_image": "images/academia/background/CTA-img-1.jpg",
          "image_repeat": "no-repeat",
          "image_position": "center",
          "image_size": "cover",
          "bg_color": "",
          "bg_parallax": false,
          "padding": {
            "top": "150px",
            "left": "",
            "bottom": "120px",
            "right": ""
          }
        },
        "advanced": {
          "label": "GET STARTED TODAY!",
          "id": "qx-section-85609",
          "class": ""
        }
      },
      "slug": "section",
      "children": [
        {
          "visibility": {
            "lg": true,
            "md": true,
            "sm": true,
            "xs": true
          },
          "form": {
            "general": {
              "container": false,
              "bg_image": "",
              "equal_column": false,
              "image_size": "initial",
              "bg_color": "",
              "image_position": "initial",
              "margin": {
                "top": "",
                "left": "",
                "bottom": "",
                "right": ""
              },
              "padding": {
                "top": "",
                "left": "",
                "bottom": "",
                "right": ""
              },
              "bg_parallax": false,
              "image_repeat": "no-repeat"
            },
            "advanced": {
              "label": "Row",
              "id": "qx-row-29610",
              "class": ""
            }
          },
          "slug": "row",
          "children": [
            {
              "visibility": {
                "lg": true,
                "md": true,
                "sm": true,
                "xs": true
              },
              "form": {
                "general": {
                  "center_text": false,
                  "bg_image": "",
                  "image_repeat": "no-repeat",
                  "image_position": "initial",
                  "image_size": "initial",
                  "bg_color": "",
                  "margin": {
                    "top": "",
                    "left": "",
                    "bottom": "",
                    "right": ""
                  },
                  "padding": {
                    "top": "",
                    "left": "",
                    "bottom": "",
                    "right": ""
                  }
                },
                "advanced": {
                  "label": "Column",
                  "id": "qx-column-52612",
                  "class": ""
                }
              },
              "slug": "column",
              "children": [
                {
                  "visibility": {
                    "lg": true,
                    "md": true,
                    "sm": true,
                    "xs": true
                  },
                  "form": {
                    "general": {
                      "pretitle": "Like what you're learning",
                      "title": "GET STARTED TODAY!"
                    },
                    "styles": {
                      "animation": "zoomIn",
                      "pretitle_font": {
                        "size": "",
                        "bold": "",
                        "underline": "",
                        "italic": "",
                        "family": "",
                        "case": "",
                        "spacing": "",
                        "height": ""
                      },
                      "pretitle_color": "rgba(255, 255, 255, 1)",
                      "title_font": {
                        "size": "42px",
                        "bold": "",
                        "underline": "",
                        "italic": "",
                        "family": "",
                        "case": "",
                        "spacing": "",
                        "height": ""
                      },
                      "title_color": "rgba(255, 255, 255, 1)"
                    },
                    "advanced": {
                      "label": "Academia Header",
                      "id": "qx-academia-header-6615",
                      "class": ""
                    }
                  },
                  "slug": "academia-header"
                },
                {
                  "visibility": {
                    "lg": true,
                    "md": true,
                    "sm": true,
                    "xs": true
                  },
                  "form": {
                    "general": {
                      "alignment": "left",
                      "content": "<p>Pellentesque habitant morbi tristique senectus et netus et malesuada fames ac turpis egestas</p>",
                      "animation": "fadeIn"
                    },
                    "styles": {
                      "bg_image": "",
                      "image_size": "initial",
                      "bg_color": "",
                      "image_position": "initial",
                      "margin": {
                        "top": "",
                        "left": "",
                        "bottom": "",
                        "right": ""
                      },
                      "font": {
                        "size": "16px",
                        "bold": "",
                        "underline": "",
                        "italic": "",
                        "family": "",
                        "case": "",
                        "spacing": "",
                        "height": ""
                      },
                      "padding": {
                        "top": "",
                        "left": "",
                        "bottom": "",
                        "right": "50%"
                      },
                      "text_color": "rgba(255, 255, 255, 1)",
                      "image_repeat": "no-repeat"
                    },
                    "advanced": {
                      "label": "Text",
                      "id": "qx-text-90740",
                      "class": ""
                    }
                  },
                  "slug": "text"
                },
                {
                  "visibility": {
                    "lg": true,
                    "md": true,
                    "sm": true,
                    "xs": true
                  },
                  "form": {
                    "general": {
                      "button": {
                        "text": "SIGN UP",
                        "url": "#",
                        "target": false
                      },
                      "alignment": "left",
                      "icon": "",
                      "icon_placement": "left",
                      "type": "regular",
                      "style": "qx-btn-default",
                      "animation": 0
                    },
                    "styles": {
                      "border_radius": "0",
                      "bg_color_hover": "rgba(255, 255, 255, 1)",
                      "button_icon_color_hover": "",
                      "bg_color": "#01bafd",
                      "button_icon_color": "",
                      "border": true,
                      "border_hover_color": "",
                      "text_color_hover": "#01bafd",
                      "margin": {
                        "top": "40px",
                        "left": "",
                        "bottom": "",
                        "right": ""
                      },
                      "font": {
                        "size": "18px",
                        "family": null,
                        "case": null,
                        "spacing": null,
                        "height": null
                      },
                      "border_color": "",
                      "padding": {
                        "top": "10px",
                        "left": "16px",
                        "bottom": "10px",
                        "right": "16px"
                      },
                      "text_color": "rgba(255, 255, 255, 1)",
                      "border_width": "0",
                      "border_style": "solid"
                    },
                    "advanced": {
                      "label": "Button",
                      "id": "qx-button-71774",
                      "class": ""
                    }
                  },
                  "slug": "button"
                },
                {
                  "visibility": {
                    "lg": true,
                    "md": true,
                    "sm": true,
                    "xs": true
                  },
                  "form": {
                    "general": {
                      "video_link": "https://www.youtube.com/watch?v=PAzH-YAlFYc",
                      "trigger_type": "icon",
                      "image": "",
                      "icon_text": "WATCH VIDEO",
                      "icon": "fa fa-play-circle-o"
                    },
                    "styles": {
                      "alignment": "right",
                      "animation": "zoomIn",
                      "min_height": "",
                      "text_font": {
                        "size": "24px",
                        "bold": "",
                        "underline": "",
                        "italic": "",
                        "family": "",
                        "case": "",
                        "spacing": "",
                        "height": ""
                      },
                      "text_color": "rgba(255, 255, 255, 1)"
                    },
                    "advanced": {
                      "label": "Academia Video",
                      "id": "qx-academia-video-14325",
                      "class": ""
                    }
                  },
                  "slug": "academia-video"
                }
              ],
              "size": {
                "lg": 1,
                "md": 1,
                "sm": 1,
                "xs": 1
              }
            }
          ]
        }
      ]
    },
    {
      "visibility": {
        "lg": true,
        "md": true,
        "sm": true,
        "xs": true
      },
      "form": {
        "general": {
          "container": false,
          "bg_image": "",
          "image_repeat": "repeat",
          "image_position": "center",
          "image_size": "contain",
          "bg_color": "",
          "bg_parallax": false,
          "padding": {
            "top": "",
            "left": "0px",
            "bottom": "",
            "right": "0px"
          }
        },
        "advanced": {
          "label": "Publications",
          "id": "qx-section-73202",
          "class": ""
        }
      },
      "slug": "section",
      "children": [
        {
          "visibility": {
            "lg": true,
            "md": true,
            "sm": true,
            "xs": true
          },
          "form": {
            "general": {
              "container": false,
              "bg_image": "",
              "equal_column": true,
              "image_size": "initial",
              "bg_color": "",
              "image_position": "initial",
              "margin": {
                "top": "",
                "left": "0px",
                "bottom": "",
                "right": "0px"
              },
              "padding": {
                "top": "",
                "left": "0px",
                "bottom": "",
                "right": "0px"
              },
              "bg_parallax": false,
              "image_repeat": "no-repeat"
            },
            "advanced": {
              "label": "Row",
              "id": "qx-row-30203",
              "class": ""
            }
          },
          "slug": "row",
          "children": [
            {
              "visibility": {
                "lg": true,
                "md": true,
                "sm": true,
                "xs": true
              },
              "form": {
                "general": {
                  "center_text": false,
                  "bg_image": "",
                  "image_repeat": "no-repeat",
                  "image_position": "initial",
                  "image_size": "initial",
                  "bg_color": "#f7f7f7",
                  "margin": {
                    "top": "",
                    "left": "",
                    "bottom": "",
                    "right": ""
                  },
                  "padding": {
                    "top": "80px",
                    "left": "8.7%",
                    "bottom": "80px",
                    "right": ""
                  }
                },
                "advanced": {
                  "label": "Column",
                  "id": "qx-column-81281",
                  "class": ""
                }
              },
              "slug": "column",
              "children": [
                {
                  "visibility": {
                    "lg": true,
                    "md": true,
                    "sm": true,
                    "xs": true
                  },
                  "form": {
                    "general": {
                      "pretitle": "Our Latest",
                      "title": "Publications"
                    },
                    "styles": {
                      "animation": "fadeIn",
                      "pretitle_font": {
                        "size": "",
                        "bold": "",
                        "underline": "",
                        "italic": "",
                        "family": "",
                        "case": "",
                        "spacing": "",
                        "height": ""
                      },
                      "pretitle_color": "",
                      "title_font": {
                        "size": "",
                        "bold": "",
                        "underline": "",
                        "italic": "",
                        "family": "",
                        "case": "",
                        "spacing": "",
                        "height": ""
                      },
                      "title_color": ""
                    },
                    "advanced": {
                      "label": "Academia Header",
                      "id": "qx-academia-header-75284",
                      "class": ""
                    }
                  },
                  "slug": "academia-header"
                },
                {
                  "visibility": {
                    "lg": true,
                    "md": true,
                    "sm": true,
                    "xs": true
                  },
                  "form": {
                    "general": {
                      "module_id": 193,
                      "animation": 0
                    },
                    "advanced": {
                      "label": "Joomla Module",
                      "id": "qx-joomla-module-29307",
                      "class": "module-publications-latest"
                    }
                  },
                  "slug": "joomla-module"
                }
              ],
              "size": {
                "lg": 0.5,
                "md": 0.5,
                "sm": 1,
                "xs": 1
              }
            },
            {
              "visibility": {
                "lg": true,
                "md": true,
                "sm": true,
                "xs": true
              },
              "form": {
                "general": {
                  "center_text": true,
                  "bg_image": "images/academia/background/campaign.png",
                  "image_repeat": "repeat",
                  "image_position": "center",
                  "image_size": "contain",
                  "bg_color": "#605ca8 ",
                  "margin": {
                    "top": "",
                    "left": "",
                    "bottom": "",
                    "right": ""
                  },
                  "padding": {
                    "top": "80px",
                    "left": "",
                    "bottom": "80px",
                    "right": ""
                  }
                },
                "advanced": {
                  "label": "Column",
                  "id": "qx-column-29169",
                  "class": ""
                }
              },
              "slug": "column",
              "children": [
                {
                  "visibility": {
                    "lg": true,
                    "md": true,
                    "sm": true,
                    "xs": true
                  },
                  "form": {
                    "general": {
                      "image": "images/academia/icon/icon.png",
                      "alt_text": "",
                      "title_text": "",
                      "responsive": true,
                      "alignment": "center",
                      "link": {
                        "url": null,
                        "target": null
                      },
                      "image_width": "200px",
                      "image_height": ""
                    },
                    "styles": {
                      "animation": "fadeIn",
                      "border_radius": 3,
                      "open_lightbox": false,
                      "border": false,
                      "border_hover_color": "",
                      "margin": {
                        "top": "",
                        "left": "",
                        "bottom": "",
                        "right": ""
                      },
                      "border_color": "",
                      "border_width": 2,
                      "border_style": "solid"
                    },
                    "advanced": {
                      "label": "Image",
                      "id": "qx-image-92225",
                      "class": ""
                    }
                  },
                  "slug": "image"
                },
                {
                  "visibility": {
                    "lg": true,
                    "md": true,
                    "sm": true,
                    "xs": true
                  },
                  "form": {
                    "general": {
                      "alignment": "center",
                      "content": "<h2>COME &amp; ENJOY OUR FREE WEBINNER V3</h2>",
                      "animation": "fadeIn"
                    },
                    "styles": {
                      "bg_image": "",
                      "image_size": "initial",
                      "bg_color": "",
                      "image_position": "initial",
                      "margin": {
                        "top": "",
                        "left": "",
                        "bottom": "",
                        "right": ""
                      },
                      "font": {
                        "size": "37px",
                        "bold": "",
                        "underline": "",
                        "italic": "",
                        "family": "",
                        "case": "",
                        "spacing": "",
                        "height": ""
                      },
                      "padding": {
                        "top": "",
                        "left": "",
                        "bottom": "",
                        "right": ""
                      },
                      "text_color": "rgba(255, 255, 255, 1)",
                      "image_repeat": "no-repeat"
                    },
                    "advanced": {
                      "label": "Text",
                      "id": "qx-text-79190",
                      "class": ""
                    }
                  },
                  "slug": "text"
                },
                {
                  "visibility": {
                    "lg": true,
                    "md": true,
                    "sm": true,
                    "xs": true
                  },
                  "form": {
                    "general": {
                      "button": {
                        "text": "Join Today",
                        "url": "#",
                        "target": false
                      },
                      "alignment": "left",
                      "icon": "",
                      "icon_placement": "left",
                      "type": "regular",
                      "style": "qx-btn-warning",
                      "animation": 0
                    },
                    "styles": {
                      "border_radius": "0",
                      "bg_color_hover": "",
                      "button_icon_color_hover": "",
                      "bg_color": "#fff200",
                      "button_icon_color": "",
                      "border": true,
                      "border_hover_color": "",
                      "text_color_hover": "",
                      "margin": {
                        "top": "",
                        "left": "",
                        "bottom": "",
                        "right": ""
                      },
                      "font": {
                        "size": "40px",
                        "family": null,
                        "case": "uppercase",
                        "spacing": null,
                        "height": null
                      },
                      "border_color": "",
                      "padding": {
                        "top": "20px",
                        "left": "30px",
                        "bottom": "20px",
                        "right": "30px"
                      },
                      "text_color": "rgba(0, 0, 0, 1)",
                      "border_width": "0",
                      "border_style": "solid"
                    },
                    "advanced": {
                      "label": "Button",
                      "id": "qx-button-3386",
                      "class": ""
                    }
                  },
                  "slug": "button"
                }
              ],
              "size": {
                "lg": 0.5,
                "md": 0.5,
                "sm": 1,
                "xs": 1
              }
            }
          ]
        }
      ]
    },
    {
      "visibility": {
        "lg": true,
        "md": true,
        "sm": true,
        "xs": true
      },
      "form": {
        "general": {
          "container": true,
          "bg_image": "",
          "image_repeat": "no-repeat",
          "image_position": "initial",
          "image_size": "initial",
          "bg_color": "",
          "bg_parallax": false,
          "padding": {
            "top": "90px",
            "left": "",
            "bottom": "90px",
            "right": ""
          }
        },
        "advanced": {
          "label": "News",
          "id": "qx-section-19108",
          "class": ""
        }
      },
      "slug": "section",
      "children": [
        {
          "visibility": {
            "lg": true,
            "md": true,
            "sm": true,
            "xs": true
          },
          "form": {
            "general": {
              "container": false,
              "bg_image": "",
              "equal_column": false,
              "image_size": "initial",
              "bg_color": "",
              "image_position": "initial",
              "margin": {
                "top": "",
                "left": "",
                "bottom": "",
                "right": ""
              },
              "padding": {
                "top": "",
                "left": "",
                "bottom": "",
                "right": ""
              },
              "bg_parallax": false,
              "image_repeat": "no-repeat"
            },
            "advanced": {
              "label": "Row",
              "id": "qx-row-7109",
              "class": ""
            }
          },
          "slug": "row",
          "children": [
            {
              "visibility": {
                "lg": true,
                "md": true,
                "sm": true,
                "xs": true
              },
              "form": {
                "general": {
                  "center_text": false,
                  "bg_image": "",
                  "image_repeat": "no-repeat",
                  "image_position": "initial",
                  "image_size": "initial",
                  "bg_color": "",
                  "margin": {
                    "top": "",
                    "left": "",
                    "bottom": "",
                    "right": ""
                  },
                  "padding": {
                    "top": "",
                    "left": "",
                    "bottom": "",
                    "right": ""
                  }
                },
                "advanced": {
                  "label": "Column",
                  "id": "qx-column-81137",
                  "class": ""
                }
              },
              "slug": "column",
              "children": [
                {
                  "visibility": {
                    "lg": true,
                    "md": true,
                    "sm": true,
                    "xs": true
                  },
                  "form": {
                    "general": {
                      "pretitle": "Latest",
                      "title": "News"
                    },
                    "styles": {
                      "animation": "fadeIn",
                      "pretitle_font": {
                        "size": "",
                        "bold": "",
                        "underline": "",
                        "italic": "",
                        "family": "",
                        "case": "",
                        "spacing": "",
                        "height": ""
                      },
                      "pretitle_color": "",
                      "title_font": {
                        "size": "",
                        "bold": "",
                        "underline": "",
                        "italic": "",
                        "family": "",
                        "case": "",
                        "spacing": "",
                        "height": ""
                      },
                      "title_color": ""
                    },
                    "advanced": {
                      "label": "Academia Header",
                      "id": "qx-academia-header-38144",
                      "class": ""
                    }
                  },
                  "slug": "academia-header"
                },
                {
                  "visibility": {
                    "lg": true,
                    "md": true,
                    "sm": true,
                    "xs": true
                  },
                  "form": {
                    "general": {
                      "module_id": 199,
                      "animation": 0
                    },
                    "advanced": {
                      "label": "Joomla Module",
                      "id": "qx-joomla-module-1752",
                      "class": "module-news-presentation"
                    }
                  },
                  "slug": "joomla-module"
                }
              ],
              "size": {
                "lg": 1,
                "md": 1,
                "sm": 1,
                "xs": 1
              }
            }
          ]
        },
        {
          "visibility": {
            "lg": true,
            "md": true,
            "sm": true,
            "xs": true
          },
          "form": {
            "general": {
              "container": false,
              "bg_image": "",
              "equal_column": false,
              "image_size": "initial",
              "bg_color": "",
              "image_position": "initial",
              "margin": {
                "top": "90px",
                "left": "",
                "bottom": "",
                "right": ""
              },
              "padding": {
                "top": "",
                "left": "",
                "bottom": "",
                "right": ""
              },
              "bg_parallax": false,
              "image_repeat": "no-repeat"
            },
            "advanced": {
              "label": "Row",
              "id": "qx-row-9854",
              "class": ""
            }
          },
          "slug": "row",
          "children": [
            {
              "visibility": {
                "lg": true,
                "md": true,
                "sm": true,
                "xs": true
              },
              "form": {
                "general": {
                  "center_text": false,
                  "bg_image": "",
                  "image_repeat": "no-repeat",
                  "image_position": "initial",
                  "image_size": "initial",
                  "bg_color": "",
                  "margin": {
                    "top": "",
                    "left": "",
                    "bottom": "",
                    "right": ""
                  },
                  "padding": {
                    "top": "",
                    "left": "",
                    "bottom": "",
                    "right": ""
                  }
                },
                "advanced": {
                  "label": "Column",
                  "id": "qx-column-256",
                  "class": ""
                }
              },
              "slug": "column",
              "children": [
                {
                  "visibility": {
                    "lg": true,
                    "md": true,
                    "sm": true,
                    "xs": true
                  },
                  "form": {
                    "general": {
                      "icon": "fa fa-facebook-f",
                      "title_1": "893K Followers",
                      "title_2": "Follow Us",
                      "link": {
                        "url": "https://facebook.com/themexpert",
                        "target": true
                      },
                      "alignment": "center"
                    },
                    "styles": {
                      "icon_size": "70",
                      "color": "",
                      "border": 0,
                      "border_color": "",
                      "border_width": 2,
                      "border_radius": 30,
                      "margin": {
                        "top": "",
                        "left": "",
                        "bottom": "",
                        "right": ""
                      },
                      "padding": {
                        "top": "",
                        "left": "",
                        "bottom": "",
                        "right": ""
                      }
                    },
                    "advanced": {
                      "label": "Academia Icon",
                      "id": "qx-academia-icon-1693",
                      "class": ""
                    }
                  },
                  "slug": "academia-icon"
                }
              ],
              "size": {
                "lg": 0.25,
                "md": 0.25,
                "sm": 0.5,
                "xs": 1
              }
            },
            {
              "visibility": {
                "lg": true,
                "md": true,
                "sm": true,
                "xs": true
              },
              "form": {
                "general": {
                  "center_text": false,
                  "bg_image": "",
                  "image_repeat": "no-repeat",
                  "image_position": "initial",
                  "image_size": "initial",
                  "bg_color": "",
                  "margin": {
                    "top": "",
                    "left": "",
                    "bottom": "",
                    "right": ""
                  },
                  "padding": {
                    "top": "",
                    "left": "",
                    "bottom": "",
                    "right": ""
                  }
                },
                "advanced": {
                  "label": "Column",
                  "id": "qx-column-4358",
                  "class": ""
                }
              },
              "slug": "column",
              "children": [
                {
                  "visibility": {
                    "lg": true,
                    "md": true,
                    "sm": true,
                    "xs": true
                  },
                  "form": {
                    "general": {
                      "icon": "fa fa-twitter",
                      "title_1": "893K Followers",
                      "title_2": "Follow Us",
                      "link": {
                        "url": "https://twitter.com/themexpert",
                        "target": true
                      },
                      "alignment": "center"
                    },
                    "styles": {
                      "icon_size": "70",
                      "color": "",
                      "border": 0,
                      "border_color": "",
                      "border_width": 2,
                      "border_radius": 30,
                      "margin": {
                        "top": "",
                        "left": "-20px",
                        "bottom": "",
                        "right": ""
                      },
                      "padding": {
                        "top": "",
                        "left": "",
                        "bottom": "",
                        "right": ""
                      }
                    },
                    "advanced": {
                      "label": "Academia Icon",
                      "id": "qx-academia-icon-14326",
                      "class": ""
                    }
                  },
                  "slug": "academia-icon"
                }
              ],
              "size": {
                "lg": 0.25,
                "md": 0.25,
                "sm": 0.5,
                "xs": 1
              }
            },
            {
              "visibility": {
                "lg": true,
                "md": true,
                "sm": true,
                "xs": true
              },
              "form": {
                "general": {
                  "center_text": false,
                  "bg_image": "",
                  "image_repeat": "no-repeat",
                  "image_position": "initial",
                  "image_size": "initial",
                  "bg_color": "",
                  "margin": {
                    "top": "",
                    "left": "",
                    "bottom": "",
                    "right": ""
                  },
                  "padding": {
                    "top": "",
                    "left": "",
                    "bottom": "",
                    "right": ""
                  }
                },
                "advanced": {
                  "label": "Column",
                  "id": "qx-column-4260",
                  "class": ""
                }
              },
              "slug": "column",
              "children": [
                {
                  "visibility": {
                    "lg": true,
                    "md": true,
                    "sm": true,
                    "xs": true
                  },
                  "form": {
                    "general": {
                      "icon": "fa fa-google-plus",
                      "title_1": "893K Followers",
                      "title_2": "Follow Us",
                      "link": {
                        "url": "https://plus.google.com/+themexpert",
                        "target": true
                      },
                      "alignment": "center"
                    },
                    "styles": {
                      "icon_size": "57",
                      "color": "",
                      "border": 0,
                      "border_color": "",
                      "border_width": 2,
                      "border_radius": 30,
                      "margin": {
                        "top": "",
                        "left": "-18px",
                        "bottom": "",
                        "right": ""
                      },
                      "padding": {
                        "top": "",
                        "left": "",
                        "bottom": "",
                        "right": ""
                      }
                    },
                    "advanced": {
                      "label": "Academia Icon",
                      "id": "qx-academia-icon-79329",
                      "class": ""
                    }
                  },
                  "slug": "academia-icon"
                }
              ],
              "size": {
                "lg": 0.25,
                "md": 0.25,
                "sm": 0.5,
                "xs": 1
              }
            },
            {
              "visibility": {
                "lg": true,
                "md": true,
                "sm": true,
                "xs": true
              },
              "form": {
                "general": {
                  "center_text": false,
                  "bg_image": "",
                  "image_repeat": "no-repeat",
                  "image_position": "initial",
                  "image_size": "initial",
                  "bg_color": "",
                  "margin": {
                    "top": "",
                    "left": "",
                    "bottom": "",
                    "right": ""
                  },
                  "padding": {
                    "top": "",
                    "left": "",
                    "bottom": "",
                    "right": ""
                  }
                },
                "advanced": {
                  "label": "Column",
                  "id": "qx-column-2462",
                  "class": ""
                }
              },
              "slug": "column",
              "children": [
                {
                  "visibility": {
                    "lg": true,
                    "md": true,
                    "sm": true,
                    "xs": true
                  },
                  "form": {
                    "general": {
                      "icon": "fa fa-vimeo",
                      "title_1": "893K Followers",
                      "title_2": "Follow Us",
                      "link": {
                        "url": "https://vimeo.com/",
                        "target": true
                      },
                      "alignment": "center"
                    },
                    "styles": {
                      "icon_size": "70",
                      "color": "",
                      "border": 0,
                      "border_color": "",
                      "border_width": 2,
                      "border_radius": 30,
                      "margin": {
                        "top": "",
                        "left": "-20px",
                        "bottom": "",
                        "right": ""
                      },
                      "padding": {
                        "top": "",
                        "left": "",
                        "bottom": "",
                        "right": ""
                      }
                    },
                    "advanced": {
                      "label": "Academia Icon",
                      "id": "qx-academia-icon-99332",
                      "class": ""
                    }
                  },
                  "slug": "academia-icon"
                }
              ],
              "size": {
                "lg": 0.25,
                "md": 0.25,
                "sm": 0.5,
                "xs": 1
              }
            }
          ]
        }
      ]
    }
  ]
}