<?xml version="1.0" encoding="utf-8"?>
<assets>
	<scripts>
		<file>js/wow.js</file>
		<file>js/switcher.js</file>
		<file>js/search-classie.js</file>
		<file>js/search-uisearch.js</file>
	</scripts>

	<stylesheets>
		<file>fonts/font-awesome/css/font-awesome.min.css</file>
		<file>fonts/montserrat/montserrat.css</file>
		<file>fonts/academia/style.css</file>
		<file>css/atvImg/atvImg.css</file>
		<file>css/animate.min.css</file>
		<file>css/switcher.css</file>
        <file>css/search-component.css</file>
	</stylesheets>
</assets>
