<?xml version="1.0" encoding="utf-8"?>
<!DOCTYPE install PUBLIC "-//Joomla! 1.6//DTD template 1.0//EN" "http://www.joomla.org/xml/dtd/1.6/template-install.dtd">
<extension version="2.5" type="template" method="upgrade" client="site">
	<name>tx_academia2</name>
	<version>3.1.1</version>
	<creationDate>25 Jan 2016</creationDate>
	<author>ThemeXpert</author>
	<authorEmail>admin@themexpert.com</authorEmail>
	<authorUrl>https://www.themexpert.com</authorUrl>
	<copyright>ThemeXpert. All Rights Reserved.</copyright>
	<license>license GNU/GPLv3 http://www.gnu.org/licenses/gpl-3.0.html</license>
	<t3>
		<base>base-bs3</base>
	</t3>
    <scriptfile>script.php</scriptfile>
	<description>
		<![CDATA[
		<div align="center">
			<div class="alert alert-success" style="background-color:#DFF0D8;border-color:#D6E9C6;color: #468847;padding: 1px 0;">
				<a href="https://www.themexpert.com/joomla-templates/academia">
					<img src="../templates/tx_academia/template_preview.png" alt="Academia">
				</a>
				<br>
				<h4>Academia Joomla! Template for Educational Institute</h4>
				<p>Brought you by ThemeXpert</p>
				<span style="color:#FF0000">Note: Academia Template requires T3 plugin to be installed and enabled.</span><p></p>
				<p>Copyright 2015 - 2016 <a href='https://www.themexpert.com/' title='Visit ThemeXpert.com!'>ThemeXpert.com</a>.</p>
			</div>
			<style>table.adminform{width: 100%;}</style>
		</div>
		]]>
	</description>
	<files>
		<filename>changelog.md</filename>
		<filename>component.php</filename>
		<filename>error.php</filename>
		<filename>favicon.ico</filename>
		<filename>helper.php</filename>
		<filename>index.html</filename>
		<filename>index.php</filename>
		<filename>modulehelper.php</filename>
		<filename>template_preview.png</filename>
		<filename>template_thumbnail.png</filename>
		<filename>templateDetails.xml</filename>
		<filename>templateHook.php</filename>
		<filename>templateInfo.php</filename>
		<filename>thememagic.xml</filename>
		<folder>admin</folder>
		<folder>css</folder>
		<folder>etc</folder>
		<folder>fonts</folder>
		<folder>html</folder>
		<folder>images</folder>
		<folder>js</folder>
		<folder>language</folder>
		<folder>less</folder>
		<folder>quix</folder>
		<folder>tpls</folder>
	</files>

	<languages folder="language">
		<language tag="en-GB">en-GB/en-GB.tpl_tx_academia2.ini</language>
		<language tag="en-GB">en-GB/en-GB.tpl_tx_academia2.sys.ini</language>
	</languages>

	<positions>
		<position>roof-1</position>
		<position>roof-2</position>
		<position>roof-3</position>
		<position>roof-4</position>
		<position>roof-5</position>
		<position>roof-6</position>
		<position>languageswitcherload</position>
		<position>head-search</position>
		<position>mainnav</position>
		<position>navhelper</position>
		<position>breadcrumbs</position>
		<position>content-bottom</position>
		<position>off-canvas</position>
		<position>sidebar-1</position>
		<position>sidebar-2</position>
		<position>mast-col</position>
		<position>footer</position>
		<position>home-0</position>
		<position>home-1</position>
		<position>home-2</position>
		<position>home-3</position>
		<position>home-4</position>
		<position>home-5</position>
		<position>home-6</position>
		<position>home-banner</position>
		<position>feature</position>
		<position>home-feature</position>
		<position>home-slideshow</position>
		<position>position-0</position>
		<position>position-1</position>
		<position>position-2</position>
		<position>position-3</position>
		<position>position-4</position>
		<position>position-5</position>
		<position>position-6</position>
		<position>position-7</position>
		<position>position-8</position>
		<position>position-9</position>
		<position>position-10</position>
		<position>position-11</position>
		<position>position-12</position>
		<position>position-13</position>
		<position>position-14</position>
		<position>position-15</position>
		<position>top-1</position>
		<position>top-2</position>
		<position>top-3</position>
		<position>top-4</position>
		<position>top-5</position>
		<position>top-6</position>
		<position>bottom-1</position>
		<position>bottom-2</position>
		<position>bottom-3</position>
		<position>bottom-4</position>
		<position>bottom-5</position>
		<position>bottom-6</position>
		<position>footer-0</position>
		<position>footer-1</position>
		<position>footer-2</position>
		<position>footer-3</position>
		<position>footer-4</position>
		<position>footer-5</position>
		<position>footer-6</position>
		<position>footer-7</position>
		<position>footer-8</position>
		<position>footer-9</position>
		<position>footer-10</position>
		<position>utility</position>
		<position>full-width</position>
		<position>social</position>
		<position>map</position>
		<position>debug</position>
		<position>groundfloor</position>
	</positions>

	<config>
		<fields name="params" addfieldpath="/plugins/system/t3/includes/depend">

			<!-- Sample for add or disable template parameters -->
			<fieldset name="menu_params" label="TPL_OPTIONS">
                <field name="theme_option" type="t3depend" function="@group">
                    <option for="box_layout" value="1" hide="1">
                        box_layout_img, box_image_or_color, box_layout_bg_color, box_layout_width
                    </option>
                    <option for="box_image_or_color" value="bg_color" hide="box_layout_img">
                        box_layout_bg_color
                    </option>
                    <option for="box_image_or_color" value="bg_img" hide="box_layout_bg_color">
                        box_layout_img
                    </option>
                    <option for="social_enable" value="1" hide="1">
                        facebook, twitter, linkedin, google-plus, dribbble, pinterest, behance, youtube
                    </option>
                    <option for="enable_copyright" value="1" hide="1">
                        copyright_text
                    </option>
                    <option for="custom_error_page" value="1" hide="1">
                        error_page
                    </option>
                    <option for="custom_comingsoon_page" value="1" hide="1">
                        comingsoon_page
                    </option>
                </field>

                <field name="tpl_global" type="t3depend" function="@legend" label="Global"/>
                <field
                        type="radio"
                        class="btn-group"
                        name="enable_preloader"
                        default="0"
                        label="Preloader"
                >
                    <option value="0">JNO</option>
                    <option value="1">JYES</option>
                </field>

                <field
                        type="radio"
                        class="btn-group"
                        name="go_to_top"
                        default="0"
                        label="Go To Top"
                >
                    <option value="0">JNO</option>
                    <option value="1">JYES</option>
                </field>

                <field name="tpl_header_variation" type="t3depend" function="@legend" label="Header"/>

                <field
                        type="radio"
                        class="btn-group"
                        name="header_transparent"
                        default="0"
                        label="Transparent Header"
                >
                    <option value="0">JNO</option>
                    <option value="1">JYES</option>
                </field>

				<field
						type="radio"
						class="btn-group"
						name="nav_sticky"
						default="0"
						label="Sticky Header"
				>
					<option value="0">JNO</option>
					<option value="1">JYES</option>
				</field>

                <field
                    type="media"
                    name="favicon_upload"
                    label="Upload Favicon"
                />

                <field
                        type="headerlist"
                        class="btn-group"
                        name="header_variation"
                        default="default.php"
                        label="Header Variation"
                        filter=".php"
                        exclude=""
                        stripext="true"
                        hide_default="true"
                        hide_none="true"
                        onchange="getHeaderPreview();"
                />

                <field name="tpl_social_title" type="t3depend" function="@legend" label="Header Social Profile"/>

                <field name="tpl_social_title" type="t3depend" function="@legend" label="Header Social Profile"/>
                <field
                        type="radio"
                        class="btn-group"
                        name="social_enable"
                        default="0"
                        label="Enable Social"
                >
                    <option value="0">JNO</option>
                    <option value="1">JYES</option>
                </field>

                <field
                        type="text"
                        name="facebook"
                        label="Facebook URL"
                        placeholder="https://facebook.com/themexpert"
                />
                <field
                        type="text"
                        name="twitter"
                        label="Twitter URL"
                        placeholder="https://twitter.com/themexpert"
                />
                <field
                        type="text"
                        name="linkedin"
                        label="Linkedin URL"
                />
                <field
                        type="text"
                        name="google-plus"
                        label="Google Plus URL"
                />
                <field
                        type="text"
                        name="dribbble"
                        label="Dribbble URL"
                        placeholder="https://dribbble.com/themexpert"
                />
                <field
                        type="text"
                        name="pinterest"
                        label="Pinterest URL"
                />
                <field
                        type="text"
                        name="behance"
                        label="Behance URL"
                />
                <field
                        type="text"
                        name="youtube"
                        label="YouTube URL"
                        placeholder="https://www.youtube.com/user/ThemeXpert"
                />

                <field name="box_layout_title" type="t3depend" function="@legend" label="Boxed Layout"/>
                <field
                        type="radio"
                        class="btn-group"
                        name="box_layout"
                        default="0"
                        label="TPL_OPTIONS_ENABLE_BOX_LAYOUT"
                >
                    <option value="0">JNO</option>
                    <option value="1">JYES</option>
                </field>
                <field
                        type="radio"
                        class="btn-group"
                        name="box_image_or_color"
                        default="bg_img"
                        label="Background Color Or Image?"
                >
                    <option value="bg_img">Image</option>
                    <option value="bg_color">Color</option>
                </field>
                <field
                        type="list"
                        class="btn-group"
                        name="box_layout_img"
                        default=""
                        label="TPL_OPTIONS_BOX_LAYOUT_IMG"
                >
                    <option value="bg_1.png">Image 1</option>
                    <option value="bg_2.png">Image 2</option>
                    <option value="bg_3.png">Image 3</option>
                    <option value="bg_4.png">Image 4</option>
                    <option value="bg_5.jpg">Image 5</option>
                </field>


				<field
					type="radio"
					class="btn-group"
					name="box_layout"
					default="0"
					label="AC_OPTIONS_ENABLE_BOX_LAYOUT"
					>
						<option value="0">JNO</option>
						<option value="1">JYES</option>
				</field>
				<field
					type="list"
					class="btn-group"
					name="box_layout_img"
					default=""
					label="AC_OPTIONS_BOX_LAYOUT_IMG"
					>
						<option value="bg_1.png">Image 1</option>
						<option value="bg_2.png">Image 2</option>
						<option value="bg_3.png">Image 3</option>
						<option value="bg_4.png">Image 4</option>
						<option value="bg_5.jpg">Image 5</option>
				</field>
				<field
					type="radio"
					class="btn-group"
					name="addon_offcanvas_pos"
					default="left"
					label="Off-canvas Position"
					>
						<option value="left">JLEFT</option>
						<option value="right">JRIGHT</option>
				</field>

				<field 
					name="404menuitem" 
					type="menuitem" 
					label="SELECT_A_MENU_ITEM" 
					description="SELECT_A_MENU_ITEM" 
				/>

				<field name="tpl_copyright_title" type="t3depend" function="@legend" label="TPL_COPYRIGHT_LABEL"/>
                <field
                        type="radio"
                        class="btn-group"
                        name="enable_copyright"
                        default="1"
                        label="Enable Copyright Area"
                >
                    <option value="0">JNO</option>
                    <option value="1">JYES</option>
                </field>

				<field
						type="textarea"
						class="copyright"
						name="copyright_text"
						label="TPL_OPTIONS_COPYRIGHT_TEXT"
						filter="raw"
						default="Copyright &#xA9; 2016 Academia Responsive Educational Template for Joomla with Quix. All Rights Reserved."
				/>

				<field
						type="radio"
						class="btn-group"
						name="display_design_by"
						default="1"
						label="Display Design By?"
				>
					<option value="0">JNO</option>
					<option value="1">JYES</option>
				</field>

                <field name="error_page_title" type="t3depend" function="@legend" label="Error Page"/>
                <field
                        type="radio"
                        class="btn-group"
                        name="custom_error_page"
                        default="1"
                        label="Custom Error Page"
                >
                    <option value="0">JNO</option>
                    <option value="1">JYES</option>
                </field>
                <field
                        type="menuitem"
                        class="btn-group"
                        name="error_page"
                        label="Error Menu"
                />

                <field name="comingsoon_page_title" type="t3depend" function="@legend" label="Coming Soon Page"/>
                <field
                        type="radio"
                        class="btn-group"
                        name="custom_comingsoon_page"
                        default="0"
                        label="Coming Soon Page"
                >
                    <option value="0">JNO</option>
                    <option value="1">JYES</option>
                </field>
                <field
                        type="menuitem"
                        class="btn-group"
                        name="comingsoon_page"
                        label="Coming Soon Menu"
                />
			</fieldset>

            <fieldset name="typography_params" label="Typography">
                <field type="asset" />
                <field name="typography_option" type="t3depend" function="@group">
                    <option for="enable_body_font" value="1" hide="1">body_font</option>
                    <option for="enable_h1_font" value="1" hide="1">h1_font</option>
                    <option for="enable_h2_font" value="1" hide="1">h2_font</option>
                    <option for="enable_h3_font" value="1" hide="1">h3_font</option>
                    <option for="enable_h4_font" value="1" hide="1">h4_font</option>
                    <option for="enable_h5_font" value="1" hide="1">h5_font</option>
                    <option for="enable_h6_font" value="1" hide="1">h6_font</option>
                    <option for="enable_navigation_font" value="1" hide="1">navigation_font</option>
                </field>

                <field name="update_fonts" type="button" url="#" text="One Click update" label="Update Fonts List"  class="btn-primary btn-update-fonts-list" />

                <field name="body_font_options_title" type="t3depend" function="@legend" label="Body Font"/>
                <field
                        type="radio"
                        class="btn-group"
                        name="enable_body_font"
                        default="0"
                        label="Enable"
                >
                    <option value="0">JNO</option>
                    <option value="1">JYES</option>
                </field>
                <field
                        type="typography"
                        class="btn-group"
                        name="body_font"
                        default=""
                        label="Select Font"
                >
                </field>

                <field name="heading1_font_options_title" type="t3depend" function="@legend" label="Heading1 Font"/>
                <field
                        type="radio"
                        class="btn-group"
                        name="enable_h1_font"
                        default="0"
                        label="Enable"
                >
                    <option value="0">JNO</option>
                    <option value="1">JYES</option>
                </field>
                <field
                        type="typography"
                        class="btn-group"
                        name="h1_font"
                        default=""
                        label="Select Font"
                >
                </field>

                <field name="heading2_font_options_title" type="t3depend" function="@legend" label="Heading2 Font" description=""/>
                <field
                        type="radio"
                        class="btn-group"
                        name="enable_h2_font"
                        default="0"
                        label="Enable"
                >
                    <option value="0">JNO</option>
                    <option value="1">JYES</option>
                </field>
                <field
                        type="typography"
                        class="btn-group"
                        name="h2_font"
                        default=""
                        label="Select Font"
                >
                </field>

                <field name="heading3_font_options_title" type="t3depend" function="@legend" label="Heading3 Font" description=""/>
                <field
                        type="radio"
                        class="btn-group"
                        name="enable_h3_font"
                        default="0"
                        label="Enable"
                >
                    <option value="0">JNO</option>
                    <option value="1">JYES</option>
                </field>
                <field
                        type="typography"
                        class="btn-group"
                        name="h3_font"
                        default=""
                        label="Select Font"
                >
                </field>

                <field name="heading4_font_options_title" type="t3depend" function="@legend" label="Heading4 Font" description=""/>
                <field
                        type="radio"
                        class="btn-group"
                        name="enable_h4_font"
                        default="0"
                        label="Enable"
                >
                    <option value="0">JNO</option>
                    <option value="1">JYES</option>
                </field>
                <field
                        type="typography"
                        class="btn-group"
                        name="h4_font"
                        default=""
                        label="Select Font"
                >
                </field>

                <field name="heading5_font_options_title" type="t3depend" function="@legend" label="Heading5 Font" description=""/>
                <field
                        type="radio"
                        class="btn-group"
                        name="enable_h5_font"
                        default="0"
                        label="Enable"
                >
                    <option value="0">JNO</option>
                    <option value="1">JYES</option>
                </field>
                <field
                        type="typography"
                        class="btn-group"
                        name="h5_font"
                        default=""
                        label="Select Font"
                >
                </field>

                <field name="heading6_font_options_title" type="t3depend" function="@legend" label="Heading6 Font" description=""/>
                <field
                        type="radio"
                        class="btn-group"
                        name="enable_h6_font"
                        default="0"
                        label="Enable"
                >
                    <option value="0">JNO</option>
                    <option value="1">JYES</option>
                </field>
                <field
                        type="typography"
                        class="btn-group"
                        name="h6_font"
                        default=""
                        label="Select Font"
                >
                </field>

                <field name="navigation_font_options_title" type="t3depend" function="@legend" label="Navigation Font" description=""/>
                <field
                        type="radio"
                        class="btn-group"
                        name="enable_navigation_font"
                        default="0"
                        label="Enable"
                >
                    <option value="0">JNO</option>
                    <option value="1">JYES</option>
                </field>
                <field
                        type="typography"
                        class="btn-group"
                        name="navigation_font"
                        default=""
                        label="Select Font"
                >
                </field>
            </fieldset>

		</fields>
	</config>

	<updateservers>
		<server type="extension" priority="1" name="Academia Template Update"><![CDATA[https://www.themexpert.com/index.php?option=com_digicom&task=responses&format=xml&source=release&pid=113]]></server>
	</updateservers>

</extension>
